This file contains any messages produced by compilers while
running configure, to aid debugging if configure makes a mistake.

It was created by GRUB configure 2.14, which was
generated by GNU Autoconf 2.71.  Invocation command line was

  $ ../../.temp/grub-2.14/configure --with-platform=efi --target=x86_64

## --------- ##
## Platform. ##
## --------- ##

hostname = BananaPen-PC
uname -m = x86_64
uname -r = 6.8.12
uname -s = Linux
uname -v = #1 SMP PREEMPT_DYNAMIC Tue Jan 27 01:38:20 MSK 2026

/usr/bin/uname -p = x86_64
/bin/uname -X     = unknown

/bin/arch              = x86_64
/usr/bin/arch -k       = unknown
/usr/convex/getsysinfo = unknown
/usr/bin/hostinfo      = unknown
/bin/machine           = unknown
/usr/bin/oslevel       = unknown
/bin/universe          = unknown

PATH: /home/bananapen/.pyenv/plugins/pyenv-virtualenv/shims/
PATH: /home/bananapen/.pyenv/shims/
PATH: /home/bananapen/.pyenv/bin/
PATH: /home/bananapen/.nvm/versions/node/v22.15.0/bin/
PATH: /home/bananapen/.local/bin/
PATH: /usr/local/sbin/
PATH: /usr/local/bin/
PATH: /usr/sbin/
PATH: /usr/bin/
PATH: /sbin/
PATH: /bin/
PATH: /usr/games/
PATH: /usr/local/games/
PATH: /snap/bin/


## ----------- ##
## Core tests. ##
## ----------- ##

configure:4543: looking for aux files: config.rpath missing install-sh config.guess config.sub compile
configure:4556:  trying ../../.temp/grub-2.14/build-aux/
configure:4585:   ../../.temp/grub-2.14/build-aux/config.rpath found
configure:4585:   ../../.temp/grub-2.14/build-aux/missing found
configure:4567:   ../../.temp/grub-2.14/build-aux/install-sh found
configure:4585:   ../../.temp/grub-2.14/build-aux/config.guess found
configure:4585:   ../../.temp/grub-2.14/build-aux/config.sub found
configure:4585:   ../../.temp/grub-2.14/build-aux/compile found
configure:4774: checking for gcc
configure:4795: found /usr/bin/gcc
configure:4806: result: gcc
configure:5159: checking for C compiler version
configure:5168: gcc --version >&5
gcc (Ubuntu 13.3.0-6ubuntu2~24.04.1) 13.3.0
Copyright (C) 2023 Free Software Foundation, Inc.
This is free software; see the source for copying conditions.  There is NO
warranty; not even for MERCHANTABILITY or FITNESS FOR A PARTICULAR PURPOSE.

configure:5179: $? = 0
configure:5168: gcc -v >&5
Using built-in specs.
COLLECT_GCC=gcc
COLLECT_LTO_WRAPPER=/usr/libexec/gcc/x86_64-linux-gnu/13/lto-wrapper
OFFLOAD_TARGET_NAMES=nvptx-none:amdgcn-amdhsa
OFFLOAD_TARGET_DEFAULT=1
Target: x86_64-linux-gnu
Configured with: ../src/configure -v --with-pkgversion='Ubuntu 13.3.0-6ubuntu2~24.04.1' --with-bugurl=file:///usr/share/doc/gcc-13/README.Bugs --enable-languages=c,ada,c++,go,d,fortran,objc,obj-c++,m2 --prefix=/usr --with-gcc-major-version-only --program-suffix=-13 --program-prefix=x86_64-linux-gnu- --enable-shared --enable-linker-build-id --libexecdir=/usr/libexec --without-included-gettext --enable-threads=posix --libdir=/usr/lib --enable-nls --enable-bootstrap --enable-clocale=gnu --enable-libstdcxx-debug --enable-libstdcxx-time=yes --with-default-libstdcxx-abi=new --enable-libstdcxx-backtrace --enable-gnu-unique-object --disable-vtable-verify --enable-plugin --enable-default-pie --with-system-zlib --enable-libphobos-checking=release --with-target-system-zlib=auto --enable-objc-gc=auto --enable-multiarch --disable-werror --enable-cet --with-arch-32=i686 --with-abi=m64 --with-multilib-list=m32,m64,mx32 --enable-multilib --with-tune=generic --enable-offload-targets=nvptx-none=/build/gcc-13-EldibY/gcc-13-13.3.0/debian/tmp-nvptx/usr,amdgcn-amdhsa=/build/gcc-13-EldibY/gcc-13-13.3.0/debian/tmp-gcn/usr --enable-offload-defaulted --without-cuda-driver --enable-checking=release --build=x86_64-linux-gnu --host=x86_64-linux-gnu --target=x86_64-linux-gnu --with-build-config=bootstrap-lto-lean --enable-link-serialization=2
Thread model: posix
Supported LTO compression algorithms: zlib zstd
gcc version 13.3.0 (Ubuntu 13.3.0-6ubuntu2~24.04.1) 
... rest of stderr output deleted ...
configure:5179: $? = 0
configure:5168: gcc -V >&5
gcc: error: unrecognized command-line option '-V'
gcc: fatal error: no input files
compilation terminated.
configure:5179: $? = 1
configure:5168: gcc -qversion >&5
gcc: error: unrecognized command-line option '-qversion'; did you mean '--version'?
gcc: fatal error: no input files
compilation terminated.
configure:5179: $? = 1
configure:5168: gcc -version >&5
gcc: error: unrecognized command-line option '-version'
gcc: fatal error: no input files
compilation terminated.
configure:5179: $? = 1
configure:5199: checking whether the C compiler works
configure:5221: gcc    conftest.c  >&5
configure:5225: $? = 0
configure:5275: result: yes
configure:5278: checking for C compiler default output file name
configure:5280: result: a.out
configure:5286: checking for suffix of executables
configure:5293: gcc -o conftest    conftest.c  >&5
configure:5297: $? = 0
configure:5320: result: 
configure:5342: checking whether we are cross compiling
configure:5350: gcc -o conftest    conftest.c  >&5
configure:5354: $? = 0
configure:5361: ./conftest
configure:5365: $? = 0
configure:5380: result: no
configure:5385: checking for suffix of object files
configure:5408: gcc -c   conftest.c >&5
configure:5412: $? = 0
configure:5434: result: o
configure:5438: checking whether the compiler supports GNU C
configure:5458: gcc -c   conftest.c >&5
configure:5458: $? = 0
configure:5468: result: yes
configure:5479: checking whether gcc accepts -g
configure:5500: gcc -c -g  conftest.c >&5
configure:5500: $? = 0
configure:5544: result: yes
configure:5564: checking for gcc option to enable C11 features
configure:5579: gcc  -c   conftest.c >&5
configure:5579: $? = 0
configure:5597: result: none needed
configure:5713: checking whether gcc understands -c and -o together
configure:5736: gcc -c conftest.c -o conftest2.o
configure:5739: $? = 0
configure:5736: gcc -c conftest.c -o conftest2.o
configure:5739: $? = 0
configure:5751: result: yes
configure:5769: checking whether the compiler is clang
configure:5791: gcc -c   conftest.c >&5
configure:5791: $? = 0
configure:5800: result: no
configure:5804: checking for compiler option needed when checking for declarations
configure:5837: result: none
configure:5851: checking for stdio.h
configure:5851: gcc -c   conftest.c >&5
configure:5851: $? = 0
configure:5851: result: yes
configure:5851: checking for stdlib.h
configure:5851: gcc -c   conftest.c >&5
configure:5851: $? = 0
configure:5851: result: yes
configure:5851: checking for string.h
configure:5851: gcc -c   conftest.c >&5
configure:5851: $? = 0
configure:5851: result: yes
configure:5851: checking for inttypes.h
configure:5851: gcc -c   conftest.c >&5
configure:5851: $? = 0
configure:5851: result: yes
configure:5851: checking for stdint.h
configure:5851: gcc -c   conftest.c >&5
configure:5851: $? = 0
configure:5851: result: yes
configure:5851: checking for strings.h
configure:5851: gcc -c   conftest.c >&5
configure:5851: $? = 0
configure:5851: result: yes
configure:5851: checking for sys/stat.h
configure:5851: gcc -c   conftest.c >&5
configure:5851: $? = 0
configure:5851: result: yes
configure:5851: checking for sys/types.h
configure:5851: gcc -c   conftest.c >&5
configure:5851: $? = 0
configure:5851: result: yes
configure:5851: checking for unistd.h
configure:5851: gcc -c   conftest.c >&5
configure:5851: $? = 0
configure:5851: result: yes
configure:5851: checking for wchar.h
configure:5851: gcc -c   conftest.c >&5
configure:5851: $? = 0
configure:5851: result: yes
configure:5851: checking for minix/config.h
configure:5851: gcc -c   conftest.c >&5
conftest.c:47:10: fatal error: minix/config.h: No such file or directory
   47 | #include <minix/config.h>
      |          ^~~~~~~~~~~~~~~~
compilation terminated.
configure:5851: $? = 1
configure: failed program was:
| /* confdefs.h */
| #define PACKAGE_NAME "GRUB"
| #define PACKAGE_TARNAME "grub"
| #define PACKAGE_VERSION "2.14"
| #define PACKAGE_STRING "GRUB 2.14"
| #define PACKAGE_BUGREPORT "bug-grub@gnu.org"
| #define PACKAGE_URL ""
| #define HAVE_STDIO_H 1
| #define HAVE_STDLIB_H 1
| #define HAVE_STRING_H 1
| #define HAVE_INTTYPES_H 1
| #define HAVE_STDINT_H 1
| #define HAVE_STRINGS_H 1
| #define HAVE_SYS_STAT_H 1
| #define HAVE_SYS_TYPES_H 1
| #define HAVE_UNISTD_H 1
| #define HAVE_WCHAR_H 1
| /* end confdefs.h.  */
| #include <stddef.h>
| #ifdef HAVE_STDIO_H
| # include <stdio.h>
| #endif
| #ifdef HAVE_STDLIB_H
| # include <stdlib.h>
| #endif
| #ifdef HAVE_STRING_H
| # include <string.h>
| #endif
| #ifdef HAVE_INTTYPES_H
| # include <inttypes.h>
| #endif
| #ifdef HAVE_STDINT_H
| # include <stdint.h>
| #endif
| #ifdef HAVE_STRINGS_H
| # include <strings.h>
| #endif
| #ifdef HAVE_SYS_TYPES_H
| # include <sys/types.h>
| #endif
| #ifdef HAVE_SYS_STAT_H
| # include <sys/stat.h>
| #endif
| #ifdef HAVE_UNISTD_H
| # include <unistd.h>
| #endif
| #include <minix/config.h>
configure:5851: result: no
configure:5851: checking for features.h
configure:5851: gcc -c   conftest.c >&5
configure:5851: $? = 0
configure:5851: result: yes
configure:5851: checking for linewrap.h
configure:5851: gcc -c   conftest.c >&5
conftest.c:48:10: fatal error: linewrap.h: No such file or directory
   48 | #include <linewrap.h>
      |          ^~~~~~~~~~~~
compilation terminated.
configure:5851: $? = 1
configure: failed program was:
| /* confdefs.h */
| #define PACKAGE_NAME "GRUB"
| #define PACKAGE_TARNAME "grub"
| #define PACKAGE_VERSION "2.14"
| #define PACKAGE_STRING "GRUB 2.14"
| #define PACKAGE_BUGREPORT "bug-grub@gnu.org"
| #define PACKAGE_URL ""
| #define HAVE_STDIO_H 1
| #define HAVE_STDLIB_H 1
| #define HAVE_STRING_H 1
| #define HAVE_INTTYPES_H 1
| #define HAVE_STDINT_H 1
| #define HAVE_STRINGS_H 1
| #define HAVE_SYS_STAT_H 1
| #define HAVE_SYS_TYPES_H 1
| #define HAVE_UNISTD_H 1
| #define HAVE_WCHAR_H 1
| #define HAVE_FEATURES_H 1
| /* end confdefs.h.  */
| #include <stddef.h>
| #ifdef HAVE_STDIO_H
| # include <stdio.h>
| #endif
| #ifdef HAVE_STDLIB_H
| # include <stdlib.h>
| #endif
| #ifdef HAVE_STRING_H
| # include <string.h>
| #endif
| #ifdef HAVE_INTTYPES_H
| # include <inttypes.h>
| #endif
| #ifdef HAVE_STDINT_H
| # include <stdint.h>
| #endif
| #ifdef HAVE_STRINGS_H
| # include <strings.h>
| #endif
| #ifdef HAVE_SYS_TYPES_H
| # include <sys/types.h>
| #endif
| #ifdef HAVE_SYS_STAT_H
| # include <sys/stat.h>
| #endif
| #ifdef HAVE_UNISTD_H
| # include <unistd.h>
| #endif
| #include <linewrap.h>
configure:5851: result: no
configure:5851: checking for sys/param.h
configure:5851: gcc -c   conftest.c >&5
configure:5851: $? = 0
configure:5851: result: yes
configure:5851: checking for sys/socket.h
configure:5851: gcc -c   conftest.c >&5
configure:5851: $? = 0
configure:5851: result: yes
configure:5851: checking for dirent.h
configure:5851: gcc -c   conftest.c >&5
configure:5851: $? = 0
configure:5851: result: yes
configure:5851: checking for fnmatch.h
configure:5851: gcc -c   conftest.c >&5
configure:5851: $? = 0
configure:5851: result: yes
configure:5851: checking for getopt.h
configure:5851: gcc -c   conftest.c >&5
configure:5851: $? = 0
configure:5851: result: yes
configure:5851: checking for sys/cdefs.h
configure:5851: gcc -c   conftest.c >&5
configure:5851: $? = 0
configure:5851: result: yes
configure:5851: checking for threads.h
configure:5851: gcc -c   conftest.c >&5
configure:5851: $? = 0
configure:5851: result: yes
configure:5851: checking for limits.h
configure:5851: gcc -c   conftest.c >&5
configure:5851: $? = 0
configure:5851: result: yes
configure:5851: checking for langinfo.h
configure:5851: gcc -c   conftest.c >&5
configure:5851: $? = 0
configure:5851: result: yes
configure:5851: checking for xlocale.h
configure:5851: gcc -c   conftest.c >&5
conftest.c:57:10: fatal error: xlocale.h: No such file or directory
   57 | #include <xlocale.h>
      |          ^~~~~~~~~~~
compilation terminated.
configure:5851: $? = 1
configure: failed program was:
| /* confdefs.h */
| #define PACKAGE_NAME "GRUB"
| #define PACKAGE_TARNAME "grub"
| #define PACKAGE_VERSION "2.14"
| #define PACKAGE_STRING "GRUB 2.14"
| #define PACKAGE_BUGREPORT "bug-grub@gnu.org"
| #define PACKAGE_URL ""
| #define HAVE_STDIO_H 1
| #define HAVE_STDLIB_H 1
| #define HAVE_STRING_H 1
| #define HAVE_INTTYPES_H 1
| #define HAVE_STDINT_H 1
| #define HAVE_STRINGS_H 1
| #define HAVE_SYS_STAT_H 1
| #define HAVE_SYS_TYPES_H 1
| #define HAVE_UNISTD_H 1
| #define HAVE_WCHAR_H 1
| #define HAVE_FEATURES_H 1
| #define HAVE_SYS_PARAM_H 1
| #define HAVE_SYS_SOCKET_H 1
| #define HAVE_DIRENT_H 1
| #define HAVE_FNMATCH_H 1
| #define HAVE_GETOPT_H 1
| #define HAVE_SYS_CDEFS_H 1
| #define HAVE_THREADS_H 1
| #define HAVE_LIMITS_H 1
| #define HAVE_LANGINFO_H 1
| /* end confdefs.h.  */
| #include <stddef.h>
| #ifdef HAVE_STDIO_H
| # include <stdio.h>
| #endif
| #ifdef HAVE_STDLIB_H
| # include <stdlib.h>
| #endif
| #ifdef HAVE_STRING_H
| # include <string.h>
| #endif
| #ifdef HAVE_INTTYPES_H
| # include <inttypes.h>
| #endif
| #ifdef HAVE_STDINT_H
| # include <stdint.h>
| #endif
| #ifdef HAVE_STRINGS_H
| # include <strings.h>
| #endif
| #ifdef HAVE_SYS_TYPES_H
| # include <sys/types.h>
| #endif
| #ifdef HAVE_SYS_STAT_H
| # include <sys/stat.h>
| #endif
| #ifdef HAVE_UNISTD_H
| # include <unistd.h>
| #endif
| #include <xlocale.h>
configure:5851: result: no
configure:5851: checking for sys/mman.h
configure:5851: gcc -c   conftest.c >&5
configure:5851: $? = 0
configure:5851: result: yes
configure:5851: checking for malloc.h
configure:5851: gcc -c   conftest.c >&5
configure:5851: $? = 0
configure:5851: result: yes
configure:5851: checking for sys/time.h
configure:5851: gcc -c   conftest.c >&5
configure:5851: $? = 0
configure:5851: result: yes
configure:5851: checking for sysexits.h
configure:5851: gcc -c   conftest.c >&5
configure:5851: $? = 0
configure:5851: result: yes
configure:5851: checking for crtdefs.h
configure:5851: gcc -c   conftest.c >&5
conftest.c:61:10: fatal error: crtdefs.h: No such file or directory
   61 | #include <crtdefs.h>
      |          ^~~~~~~~~~~
compilation terminated.
configure:5851: $? = 1
configure: failed program was:
| /* confdefs.h */
| #define PACKAGE_NAME "GRUB"
| #define PACKAGE_TARNAME "grub"
| #define PACKAGE_VERSION "2.14"
| #define PACKAGE_STRING "GRUB 2.14"
| #define PACKAGE_BUGREPORT "bug-grub@gnu.org"
| #define PACKAGE_URL ""
| #define HAVE_STDIO_H 1
| #define HAVE_STDLIB_H 1
| #define HAVE_STRING_H 1
| #define HAVE_INTTYPES_H 1
| #define HAVE_STDINT_H 1
| #define HAVE_STRINGS_H 1
| #define HAVE_SYS_STAT_H 1
| #define HAVE_SYS_TYPES_H 1
| #define HAVE_UNISTD_H 1
| #define HAVE_WCHAR_H 1
| #define HAVE_FEATURES_H 1
| #define HAVE_SYS_PARAM_H 1
| #define HAVE_SYS_SOCKET_H 1
| #define HAVE_DIRENT_H 1
| #define HAVE_FNMATCH_H 1
| #define HAVE_GETOPT_H 1
| #define HAVE_SYS_CDEFS_H 1
| #define HAVE_THREADS_H 1
| #define HAVE_LIMITS_H 1
| #define HAVE_LANGINFO_H 1
| #define HAVE_SYS_MMAN_H 1
| #define HAVE_MALLOC_H 1
| #define HAVE_SYS_TIME_H 1
| #define HAVE_SYSEXITS_H 1
| /* end confdefs.h.  */
| #include <stddef.h>
| #ifdef HAVE_STDIO_H
| # include <stdio.h>
| #endif
| #ifdef HAVE_STDLIB_H
| # include <stdlib.h>
| #endif
| #ifdef HAVE_STRING_H
| # include <string.h>
| #endif
| #ifdef HAVE_INTTYPES_H
| # include <inttypes.h>
| #endif
| #ifdef HAVE_STDINT_H
| # include <stdint.h>
| #endif
| #ifdef HAVE_STRINGS_H
| # include <strings.h>
| #endif
| #ifdef HAVE_SYS_TYPES_H
| # include <sys/types.h>
| #endif
| #ifdef HAVE_SYS_STAT_H
| # include <sys/stat.h>
| #endif
| #ifdef HAVE_UNISTD_H
| # include <unistd.h>
| #endif
| #include <crtdefs.h>
configure:5851: result: no
configure:5851: checking for wctype.h
configure:5851: gcc -c   conftest.c >&5
configure:5851: $? = 0
configure:5851: result: yes
configure:5882: checking whether it is safe to define __EXTENSIONS__
configure:5901: gcc -c   conftest.c >&5
configure:5901: $? = 0
configure:5909: result: yes
configure:5912: checking whether _XOPEN_SOURCE should be defined
configure:5934: gcc -c   conftest.c >&5
configure:5934: $? = 0
configure:5961: result: no
configure:6026: checking build system type
configure:6041: result: x86_64-pc-linux-gnu
configure:6061: checking host system type
configure:6075: result: x86_64-pc-linux-gnu
configure:6096: checking target system type
configure:6110: result: x86_64-pc-none
configure:6155: checking for a BSD-compatible install
configure:6228: result: /usr/bin/install -c
configure:6239: checking whether build environment is sane
configure:6294: result: yes
configure:6449: checking for a race-free mkdir -p
configure:6493: result: /usr/bin/mkdir -p
configure:6500: checking for gawk
configure:6521: found /usr/bin/gawk
configure:6532: result: gawk
configure:6543: checking whether make sets $(MAKE)
configure:6566: result: yes
configure:6588: checking whether make supports the include directive
configure:6603: make -f confmf.GNU && cat confinc.out
this is the am__doit target
configure:6606: $? = 0
configure:6625: result: yes (GNU style)
configure:6660: checking whether make supports nested variables
configure:6678: result: yes
configure:6763: checking whether UID '1000' is supported by ustar format
configure:6766: result: yes
configure:6773: checking whether GID '1000' is supported by ustar format
configure:6776: result: yes
configure:6784: checking how to create a ustar tar archive
configure:6795: tar --version
tar (GNU tar) 1.35
Copyright (C) 2023 Free Software Foundation, Inc.
License GPLv3+: GNU GPL version 3 or later <https://gnu.org/licenses/gpl.html>.
This is free software: you are free to change and redistribute it.
There is NO WARRANTY, to the extent permitted by law.

Written by John Gilmore and Jay Fenlason.
configure:6798: $? = 0
configure:6838: tardir=conftest.dir && eval tar --format=ustar -chf - "$tardir" >conftest.tar
configure:6841: $? = 0
configure:6845: tar -xf - <conftest.tar
configure:6848: $? = 0
configure:6850: cat conftest.dir/file
GrepMe
configure:6853: $? = 0
configure:6867: result: gnutar
configure:6876: checking dependency style of gcc
configure:6988: result: gcc3
configure:7126: checking for pkg-config
configure:7149: found /usr/bin/pkg-config
configure:7161: result: /usr/bin/pkg-config
configure:7186: checking pkg-config is at least version 0.9.0
configure:7189: result: yes
configure:7500: checking for cmp
configure:7521: found /usr/bin/cmp
configure:7532: result: cmp
configure:7551: checking for bison
configure:7572: found /usr/bin/bison
configure:7583: result: bison
configure:7646: checking for ranlib
configure:7667: found /usr/bin/ranlib
configure:7678: result: ranlib
configure:7705: checking for gawk
configure:7737: result: gawk
configure:7752: checking for flex
configure:7773: found /usr/bin/flex
configure:7784: result: flex
configure:7833: checking for lex output file root
configure:7846: flex conftest.l
configure:7850: $? = 0
configure:7858: result: lex.yy
configure:7873: checking for lex library
configure:7898: gcc -o conftest    conftest.c  >&5
configure:7898: $? = 0
configure:7911: result: none needed
configure:7931: checking whether yytext is a pointer
configure:7947: gcc -c   conftest.c >&5
configure:7947: $? = 0
configure:7954: result: yes
configure:7970: checking for bison
configure:8002: result: bison
configure:8014: checking whether make sets $(MAKE)
configure:8037: result: yes
configure:8047: checking whether ln -s works
configure:8051: result: yes
configure:8075: checking for makeinfo
configure:8098: found /usr/bin/makeinfo
configure:8110: result: /usr/bin/makeinfo
configure:8179: checking for gcc
configure:8211: result: gcc
configure:8564: checking for C compiler version
configure:8573: gcc --version >&5
gcc (Ubuntu 13.3.0-6ubuntu2~24.04.1) 13.3.0
Copyright (C) 2023 Free Software Foundation, Inc.
This is free software; see the source for copying conditions.  There is NO
warranty; not even for MERCHANTABILITY or FITNESS FOR A PARTICULAR PURPOSE.

configure:8584: $? = 0
configure:8573: gcc -v >&5
Using built-in specs.
COLLECT_GCC=gcc
COLLECT_LTO_WRAPPER=/usr/libexec/gcc/x86_64-linux-gnu/13/lto-wrapper
OFFLOAD_TARGET_NAMES=nvptx-none:amdgcn-amdhsa
OFFLOAD_TARGET_DEFAULT=1
Target: x86_64-linux-gnu
Configured with: ../src/configure -v --with-pkgversion='Ubuntu 13.3.0-6ubuntu2~24.04.1' --with-bugurl=file:///usr/share/doc/gcc-13/README.Bugs --enable-languages=c,ada,c++,go,d,fortran,objc,obj-c++,m2 --prefix=/usr --with-gcc-major-version-only --program-suffix=-13 --program-prefix=x86_64-linux-gnu- --enable-shared --enable-linker-build-id --libexecdir=/usr/libexec --without-included-gettext --enable-threads=posix --libdir=/usr/lib --enable-nls --enable-bootstrap --enable-clocale=gnu --enable-libstdcxx-debug --enable-libstdcxx-time=yes --with-default-libstdcxx-abi=new --enable-libstdcxx-backtrace --enable-gnu-unique-object --disable-vtable-verify --enable-plugin --enable-default-pie --with-system-zlib --enable-libphobos-checking=release --with-target-system-zlib=auto --enable-objc-gc=auto --enable-multiarch --disable-werror --enable-cet --with-arch-32=i686 --with-abi=m64 --with-multilib-list=m32,m64,mx32 --enable-multilib --with-tune=generic --enable-offload-targets=nvptx-none=/build/gcc-13-EldibY/gcc-13-13.3.0/debian/tmp-nvptx/usr,amdgcn-amdhsa=/build/gcc-13-EldibY/gcc-13-13.3.0/debian/tmp-gcn/usr --enable-offload-defaulted --without-cuda-driver --enable-checking=release --build=x86_64-linux-gnu --host=x86_64-linux-gnu --target=x86_64-linux-gnu --with-build-config=bootstrap-lto-lean --enable-link-serialization=2
Thread model: posix
Supported LTO compression algorithms: zlib zstd
gcc version 13.3.0 (Ubuntu 13.3.0-6ubuntu2~24.04.1) 
... rest of stderr output deleted ...
configure:8584: $? = 0
configure:8573: gcc -V >&5
gcc: error: unrecognized command-line option '-V'
gcc: fatal error: no input files
compilation terminated.
configure:8584: $? = 1
configure:8573: gcc -qversion >&5
gcc: error: unrecognized command-line option '-qversion'; did you mean '--version'?
gcc: fatal error: no input files
compilation terminated.
configure:8584: $? = 1
configure:8573: gcc -version >&5
gcc: error: unrecognized command-line option '-version'
gcc: fatal error: no input files
compilation terminated.
configure:8584: $? = 1
configure:8588: checking whether the compiler supports GNU C
configure:8618: result: yes
configure:8629: checking whether gcc accepts -g
configure:8694: result: yes
configure:8714: checking for gcc option to enable C11 features
configure:8747: result: none needed
configure:8863: checking whether gcc understands -c and -o together
configure:8901: result: yes
configure:8919: checking whether the compiler is clang
configure:8950: result: no
configure:8954: checking for compiler option needed when checking for declarations
configure:8987: result: none
configure:9013: checking how to run the C preprocessor
configure:9039: gcc -E  conftest.c
configure:9039: $? = 0
configure:9054: gcc -E  conftest.c
conftest.c:56:10: fatal error: ac_nonexistent.h: No such file or directory
   56 | #include <ac_nonexistent.h>
      |          ^~~~~~~~~~~~~~~~~~
compilation terminated.
configure:9054: $? = 1
configure: failed program was:
| /* confdefs.h */
| #define PACKAGE_NAME "GRUB"
| #define PACKAGE_TARNAME "grub"
| #define PACKAGE_VERSION "2.14"
| #define PACKAGE_STRING "GRUB 2.14"
| #define PACKAGE_BUGREPORT "bug-grub@gnu.org"
| #define PACKAGE_URL ""
| #define HAVE_STDIO_H 1
| #define HAVE_STDLIB_H 1
| #define HAVE_STRING_H 1
| #define HAVE_INTTYPES_H 1
| #define HAVE_STDINT_H 1
| #define HAVE_STRINGS_H 1
| #define HAVE_SYS_STAT_H 1
| #define HAVE_SYS_TYPES_H 1
| #define HAVE_UNISTD_H 1
| #define HAVE_WCHAR_H 1
| #define HAVE_FEATURES_H 1
| #define HAVE_SYS_PARAM_H 1
| #define HAVE_SYS_SOCKET_H 1
| #define HAVE_DIRENT_H 1
| #define HAVE_FNMATCH_H 1
| #define HAVE_GETOPT_H 1
| #define HAVE_SYS_CDEFS_H 1
| #define HAVE_THREADS_H 1
| #define HAVE_LIMITS_H 1
| #define HAVE_LANGINFO_H 1
| #define HAVE_SYS_MMAN_H 1
| #define HAVE_MALLOC_H 1
| #define HAVE_SYS_TIME_H 1
| #define HAVE_SYSEXITS_H 1
| #define HAVE_WCTYPE_H 1
| #define STDC_HEADERS 1
| #define _ALL_SOURCE 1
| #define _DARWIN_C_SOURCE 1
| #define _GNU_SOURCE 1
| #define _HPUX_ALT_XOPEN_SOCKET_API 1
| #define _NETBSD_SOURCE 1
| #define _OPENBSD_SOURCE 1
| #define _POSIX_PTHREAD_SEMANTICS 1
| #define __STDC_WANT_IEC_60559_ATTRIBS_EXT__ 1
| #define __STDC_WANT_IEC_60559_BFP_EXT__ 1
| #define __STDC_WANT_IEC_60559_DFP_EXT__ 1
| #define __STDC_WANT_IEC_60559_FUNCS_EXT__ 1
| #define __STDC_WANT_IEC_60559_TYPES_EXT__ 1
| #define __STDC_WANT_LIB_EXT2__ 1
| #define __STDC_WANT_MATH_SPEC_FUNCS__ 1
| #define _TANDEM_SOURCE 1
| #define __EXTENSIONS__ 1
| #define PACKAGE "grub"
| #define VERSION "2.14"
| #define GRUB_BOOT_DIR_NAME "boot"
| #define GRUB_DIR_NAME "grub"
| #define YYTEXT_POINTER 1
| /* end confdefs.h.  */
| #include <ac_nonexistent.h>
configure:9081: result: gcc -E
configure:9095: gcc -E  conftest.c
configure:9095: $? = 0
configure:9110: gcc -E  conftest.c
conftest.c:56:10: fatal error: ac_nonexistent.h: No such file or directory
   56 | #include <ac_nonexistent.h>
      |          ^~~~~~~~~~~~~~~~~~
compilation terminated.
configure:9110: $? = 1
configure: failed program was:
| /* confdefs.h */
| #define PACKAGE_NAME "GRUB"
| #define PACKAGE_TARNAME "grub"
| #define PACKAGE_VERSION "2.14"
| #define PACKAGE_STRING "GRUB 2.14"
| #define PACKAGE_BUGREPORT "bug-grub@gnu.org"
| #define PACKAGE_URL ""
| #define HAVE_STDIO_H 1
| #define HAVE_STDLIB_H 1
| #define HAVE_STRING_H 1
| #define HAVE_INTTYPES_H 1
| #define HAVE_STDINT_H 1
| #define HAVE_STRINGS_H 1
| #define HAVE_SYS_STAT_H 1
| #define HAVE_SYS_TYPES_H 1
| #define HAVE_UNISTD_H 1
| #define HAVE_WCHAR_H 1
| #define HAVE_FEATURES_H 1
| #define HAVE_SYS_PARAM_H 1
| #define HAVE_SYS_SOCKET_H 1
| #define HAVE_DIRENT_H 1
| #define HAVE_FNMATCH_H 1
| #define HAVE_GETOPT_H 1
| #define HAVE_SYS_CDEFS_H 1
| #define HAVE_THREADS_H 1
| #define HAVE_LIMITS_H 1
| #define HAVE_LANGINFO_H 1
| #define HAVE_SYS_MMAN_H 1
| #define HAVE_MALLOC_H 1
| #define HAVE_SYS_TIME_H 1
| #define HAVE_SYSEXITS_H 1
| #define HAVE_WCTYPE_H 1
| #define STDC_HEADERS 1
| #define _ALL_SOURCE 1
| #define _DARWIN_C_SOURCE 1
| #define _GNU_SOURCE 1
| #define _HPUX_ALT_XOPEN_SOCKET_API 1
| #define _NETBSD_SOURCE 1
| #define _OPENBSD_SOURCE 1
| #define _POSIX_PTHREAD_SEMANTICS 1
| #define __STDC_WANT_IEC_60559_ATTRIBS_EXT__ 1
| #define __STDC_WANT_IEC_60559_BFP_EXT__ 1
| #define __STDC_WANT_IEC_60559_DFP_EXT__ 1
| #define __STDC_WANT_IEC_60559_FUNCS_EXT__ 1
| #define __STDC_WANT_IEC_60559_TYPES_EXT__ 1
| #define __STDC_WANT_LIB_EXT2__ 1
| #define __STDC_WANT_MATH_SPEC_FUNCS__ 1
| #define _TANDEM_SOURCE 1
| #define __EXTENSIONS__ 1
| #define PACKAGE "grub"
| #define VERSION "2.14"
| #define GRUB_BOOT_DIR_NAME "boot"
| #define GRUB_DIR_NAME "grub"
| #define YYTEXT_POINTER 1
| /* end confdefs.h.  */
| #include <ac_nonexistent.h>
configure:9141: checking for grep that handles long lines and -e
configure:9205: result: /usr/bin/grep
configure:9210: checking for egrep
configure:9278: result: /usr/bin/grep -E
configure:9286: checking for Minix Amsterdam compiler
configure:9312: result: no
configure:9374: checking for ar
configure:9395: found /usr/bin/ar
configure:9406: result: ar
configure:9553: checking for special C compiler options needed for large files
configure:9601: result: no
configure:9607: checking for _FILE_OFFSET_BITS value needed for large files
configure:9633: gcc -c   conftest.c >&5
configure:9633: $? = 0
configure:9668: result: no
configure:10186: checking for g++
configure:10207: found /usr/bin/g++
configure:10218: result: g++
configure:10245: checking for C++ compiler version
configure:10254: g++ --version >&5
g++ (Ubuntu 13.3.0-6ubuntu2~24.04.1) 13.3.0
Copyright (C) 2023 Free Software Foundation, Inc.
This is free software; see the source for copying conditions.  There is NO
warranty; not even for MERCHANTABILITY or FITNESS FOR A PARTICULAR PURPOSE.

configure:10265: $? = 0
configure:10254: g++ -v >&5
Using built-in specs.
COLLECT_GCC=g++
COLLECT_LTO_WRAPPER=/usr/libexec/gcc/x86_64-linux-gnu/13/lto-wrapper
OFFLOAD_TARGET_NAMES=nvptx-none:amdgcn-amdhsa
OFFLOAD_TARGET_DEFAULT=1
Target: x86_64-linux-gnu
Configured with: ../src/configure -v --with-pkgversion='Ubuntu 13.3.0-6ubuntu2~24.04.1' --with-bugurl=file:///usr/share/doc/gcc-13/README.Bugs --enable-languages=c,ada,c++,go,d,fortran,objc,obj-c++,m2 --prefix=/usr --with-gcc-major-version-only --program-suffix=-13 --program-prefix=x86_64-linux-gnu- --enable-shared --enable-linker-build-id --libexecdir=/usr/libexec --without-included-gettext --enable-threads=posix --libdir=/usr/lib --enable-nls --enable-bootstrap --enable-clocale=gnu --enable-libstdcxx-debug --enable-libstdcxx-time=yes --with-default-libstdcxx-abi=new --enable-libstdcxx-backtrace --enable-gnu-unique-object --disable-vtable-verify --enable-plugin --enable-default-pie --with-system-zlib --enable-libphobos-checking=release --with-target-system-zlib=auto --enable-objc-gc=auto --enable-multiarch --disable-werror --enable-cet --with-arch-32=i686 --with-abi=m64 --with-multilib-list=m32,m64,mx32 --enable-multilib --with-tune=generic --enable-offload-targets=nvptx-none=/build/gcc-13-EldibY/gcc-13-13.3.0/debian/tmp-nvptx/usr,amdgcn-amdhsa=/build/gcc-13-EldibY/gcc-13-13.3.0/debian/tmp-gcn/usr --enable-offload-defaulted --without-cuda-driver --enable-checking=release --build=x86_64-linux-gnu --host=x86_64-linux-gnu --target=x86_64-linux-gnu --with-build-config=bootstrap-lto-lean --enable-link-serialization=2
Thread model: posix
Supported LTO compression algorithms: zlib zstd
gcc version 13.3.0 (Ubuntu 13.3.0-6ubuntu2~24.04.1) 
... rest of stderr output deleted ...
configure:10265: $? = 0
configure:10254: g++ -V >&5
g++: error: unrecognized command-line option '-V'
g++: fatal error: no input files
compilation terminated.
configure:10265: $? = 1
configure:10254: g++ -qversion >&5
g++: error: unrecognized command-line option '-qversion'; did you mean '--version'?
g++: fatal error: no input files
compilation terminated.
configure:10265: $? = 1
configure:10269: checking whether the compiler supports GNU C++
configure:10289: g++ -c   conftest.cpp >&5
configure:10289: $? = 0
configure:10299: result: yes
configure:10310: checking whether g++ accepts -g
configure:10331: g++ -c -g  conftest.cpp >&5
configure:10331: $? = 0
configure:10375: result: yes
configure:10395: checking for g++ option to enable C++11 features
configure:10410: g++  -c -g -O2  conftest.cpp >&5
conftest.cpp: In function 'int main(int, char**)':
conftest.cpp:222:25: warning: empty parentheses were disambiguated as a function declaration [-Wvexing-parse]
  222 |   cxx11test::delegate d2();
      |                         ^~
conftest.cpp:222:25: note: remove parentheses to default-initialize a variable
  222 |   cxx11test::delegate d2();
      |                         ^~
      |                         --
conftest.cpp:222:25: note: or replace parentheses with braces to value-initialize a variable
configure:10410: $? = 0
configure:10428: result: none needed
configure:10494: checking dependency style of g++
configure:10606: result: gcc3
configure:10631: checking dependency style of gcc
configure:10741: result: gcc3
configure:10792: checking for a Python interpreter with version >= 2.6
configure:10810: python -c import sys # split strings by '.' and convert to numeric. Append some zeros # because we need at least 4 digits for the hex conversion. # map returns an iterator in Python 3.0 and a list in 2.x minver = list(map(int, '2.6'.split('.'))) + [0, 0, 0] minverhex = 0 # xrange is not present in Python 3.0 and range returns an iterator for i in list(range(0, 4)): minverhex = (minverhex << 8) + minver[i] sys.exit(sys.hexversion < minverhex)
pyenv: python: command not found

The `python' command exists in these Python versions:
  3.10.13
  3.10.13/envs/tts_env
  3.10.13/envs/venv
  3.12.0
  3.12.0/envs/video_env
  tts_env
  venv
  video_env

Note: See 'pyenv help global' for tips on allowing both
      python2 and python3 to be found.
configure:10813: $? = 127
configure:10810: python2 -c import sys # split strings by '.' and convert to numeric. Append some zeros # because we need at least 4 digits for the hex conversion. # map returns an iterator in Python 3.0 and a list in 2.x minver = list(map(int, '2.6'.split('.'))) + [0, 0, 0] minverhex = 0 # xrange is not present in Python 3.0 and range returns an iterator for i in list(range(0, 4)): minverhex = (minverhex << 8) + minver[i] sys.exit(sys.hexversion < minverhex)
../../.temp/grub-2.14/configure: line 10811: python2: command not found
configure:10813: $? = 127
configure:10810: python3 -c import sys # split strings by '.' and convert to numeric. Append some zeros # because we need at least 4 digits for the hex conversion. # map returns an iterator in Python 3.0 and a list in 2.x minver = list(map(int, '2.6'.split('.'))) + [0, 0, 0] minverhex = 0 # xrange is not present in Python 3.0 and range returns an iterator for i in list(range(0, 4)): minverhex = (minverhex << 8) + minver[i] sys.exit(sys.hexversion < minverhex)
configure:10813: $? = 0
configure:10820: result: python3
configure:10828: checking for python3
configure:10851: found /home/bananapen/.pyenv/shims/python3
configure:10863: result: /home/bananapen/.pyenv/shims/python3
configure:10880: checking for python3 version
configure:10888: result: 3.12
configure:10893: checking for python3 platform
configure:10901: result: linux
configure:10962: checking for GNU default python3 prefix
configure:10964: result: ${prefix}
configure:11030: checking for GNU default python3 exec_prefix
configure:11032: result: ${exec_prefix}
configure:11063: checking for python3 script directory (pythondir)
configure:11105: result: ${PYTHON_PREFIX}/lib/python3.12/site-packages
configure:11113: checking for python3 extension module directory (pyexecdir)
configure:11155: result: ${PYTHON_EXEC_PREFIX}/lib/python3.12/site-packages
configure:11172: checking for g++
configure:11193: found /usr/bin/g++
configure:11205: result: yes
configure:11214: checking for a sed that does not truncate output
configure:11284: result: /usr/bin/sed
configure:11290: checking whether NLS is requested
configure:11300: result: yes
configure:11340: checking for msgfmt
configure: trying /usr/bin/msgfmt...
0 translated messages.
configure:11373: result: /usr/bin/msgfmt
configure:11382: checking for gmsgfmt
configure:11418: result: /usr/bin/msgfmt
configure:11468: checking for xgettext
configure: trying /usr/bin/xgettext...
/usr/bin/xgettext: warning: file '/dev/null' extension '' is unknown; will try C
configure:11501: result: /usr/bin/xgettext
configure:11546: checking for msgmerge
configure: trying /usr/bin/msgmerge...
configure:11578: result: /usr/bin/msgmerge
configure:11637: checking for ld used by gcc
configure:11705: result: /usr/bin/ld
configure:11712: checking if the linker (/usr/bin/ld) is GNU ld
configure:11728: result: yes
configure:11736: checking for shared library run path origin
configure:11750: result: done
configure:12326: checking for CFPreferencesCopyAppValue
configure:12345: gcc -o conftest    conftest.c  -Wl,-framework -Wl,CoreFoundation >&5
conftest.c:56:10: fatal error: CoreFoundation/CFPreferences.h: No such file or directory
   56 | #include <CoreFoundation/CFPreferences.h>
      |          ^~~~~~~~~~~~~~~~~~~~~~~~~~~~~~~~
compilation terminated.
configure:12345: $? = 1
configure: failed program was:
| /* confdefs.h */
| #define PACKAGE_NAME "GRUB"
| #define PACKAGE_TARNAME "grub"
| #define PACKAGE_VERSION "2.14"
| #define PACKAGE_STRING "GRUB 2.14"
| #define PACKAGE_BUGREPORT "bug-grub@gnu.org"
| #define PACKAGE_URL ""
| #define HAVE_STDIO_H 1
| #define HAVE_STDLIB_H 1
| #define HAVE_STRING_H 1
| #define HAVE_INTTYPES_H 1
| #define HAVE_STDINT_H 1
| #define HAVE_STRINGS_H 1
| #define HAVE_SYS_STAT_H 1
| #define HAVE_SYS_TYPES_H 1
| #define HAVE_UNISTD_H 1
| #define HAVE_WCHAR_H 1
| #define HAVE_FEATURES_H 1
| #define HAVE_SYS_PARAM_H 1
| #define HAVE_SYS_SOCKET_H 1
| #define HAVE_DIRENT_H 1
| #define HAVE_FNMATCH_H 1
| #define HAVE_GETOPT_H 1
| #define HAVE_SYS_CDEFS_H 1
| #define HAVE_THREADS_H 1
| #define HAVE_LIMITS_H 1
| #define HAVE_LANGINFO_H 1
| #define HAVE_SYS_MMAN_H 1
| #define HAVE_MALLOC_H 1
| #define HAVE_SYS_TIME_H 1
| #define HAVE_SYSEXITS_H 1
| #define HAVE_WCTYPE_H 1
| #define STDC_HEADERS 1
| #define _ALL_SOURCE 1
| #define _DARWIN_C_SOURCE 1
| #define _GNU_SOURCE 1
| #define _HPUX_ALT_XOPEN_SOCKET_API 1
| #define _NETBSD_SOURCE 1
| #define _OPENBSD_SOURCE 1
| #define _POSIX_PTHREAD_SEMANTICS 1
| #define __STDC_WANT_IEC_60559_ATTRIBS_EXT__ 1
| #define __STDC_WANT_IEC_60559_BFP_EXT__ 1
| #define __STDC_WANT_IEC_60559_DFP_EXT__ 1
| #define __STDC_WANT_IEC_60559_FUNCS_EXT__ 1
| #define __STDC_WANT_IEC_60559_TYPES_EXT__ 1
| #define __STDC_WANT_LIB_EXT2__ 1
| #define __STDC_WANT_MATH_SPEC_FUNCS__ 1
| #define _TANDEM_SOURCE 1
| #define __EXTENSIONS__ 1
| #define PACKAGE "grub"
| #define VERSION "2.14"
| #define GRUB_BOOT_DIR_NAME "boot"
| #define GRUB_DIR_NAME "grub"
| #define YYTEXT_POINTER 1
| /* end confdefs.h.  */
| #include <CoreFoundation/CFPreferences.h>
| int
| main (void)
| {
| CFPreferencesCopyAppValue(NULL, NULL)
|   ;
|   return 0;
| }
configure:12355: result: no
configure:12362: checking for CFLocaleCopyCurrent
configure:12381: gcc -o conftest    conftest.c  -Wl,-framework -Wl,CoreFoundation >&5
conftest.c:56:10: fatal error: CoreFoundation/CFLocale.h: No such file or directory
   56 | #include <CoreFoundation/CFLocale.h>
      |          ^~~~~~~~~~~~~~~~~~~~~~~~~~~
compilation terminated.
configure:12381: $? = 1
configure: failed program was:
| /* confdefs.h */
| #define PACKAGE_NAME "GRUB"
| #define PACKAGE_TARNAME "grub"
| #define PACKAGE_VERSION "2.14"
| #define PACKAGE_STRING "GRUB 2.14"
| #define PACKAGE_BUGREPORT "bug-grub@gnu.org"
| #define PACKAGE_URL ""
| #define HAVE_STDIO_H 1
| #define HAVE_STDLIB_H 1
| #define HAVE_STRING_H 1
| #define HAVE_INTTYPES_H 1
| #define HAVE_STDINT_H 1
| #define HAVE_STRINGS_H 1
| #define HAVE_SYS_STAT_H 1
| #define HAVE_SYS_TYPES_H 1
| #define HAVE_UNISTD_H 1
| #define HAVE_WCHAR_H 1
| #define HAVE_FEATURES_H 1
| #define HAVE_SYS_PARAM_H 1
| #define HAVE_SYS_SOCKET_H 1
| #define HAVE_DIRENT_H 1
| #define HAVE_FNMATCH_H 1
| #define HAVE_GETOPT_H 1
| #define HAVE_SYS_CDEFS_H 1
| #define HAVE_THREADS_H 1
| #define HAVE_LIMITS_H 1
| #define HAVE_LANGINFO_H 1
| #define HAVE_SYS_MMAN_H 1
| #define HAVE_MALLOC_H 1
| #define HAVE_SYS_TIME_H 1
| #define HAVE_SYSEXITS_H 1
| #define HAVE_WCTYPE_H 1
| #define STDC_HEADERS 1
| #define _ALL_SOURCE 1
| #define _DARWIN_C_SOURCE 1
| #define _GNU_SOURCE 1
| #define _HPUX_ALT_XOPEN_SOCKET_API 1
| #define _NETBSD_SOURCE 1
| #define _OPENBSD_SOURCE 1
| #define _POSIX_PTHREAD_SEMANTICS 1
| #define __STDC_WANT_IEC_60559_ATTRIBS_EXT__ 1
| #define __STDC_WANT_IEC_60559_BFP_EXT__ 1
| #define __STDC_WANT_IEC_60559_DFP_EXT__ 1
| #define __STDC_WANT_IEC_60559_FUNCS_EXT__ 1
| #define __STDC_WANT_IEC_60559_TYPES_EXT__ 1
| #define __STDC_WANT_LIB_EXT2__ 1
| #define __STDC_WANT_MATH_SPEC_FUNCS__ 1
| #define _TANDEM_SOURCE 1
| #define __EXTENSIONS__ 1
| #define PACKAGE "grub"
| #define VERSION "2.14"
| #define GRUB_BOOT_DIR_NAME "boot"
| #define GRUB_DIR_NAME "grub"
| #define YYTEXT_POINTER 1
| /* end confdefs.h.  */
| #include <CoreFoundation/CFLocale.h>
| int
| main (void)
| {
| CFLocaleCopyCurrent();
|   ;
|   return 0;
| }
configure:12391: result: no
configure:12440: checking for GNU gettext in libc
configure:12465: gcc -o conftest    conftest.c  >&5
configure:12465: $? = 0
configure:12475: result: yes
configure:13313: checking whether to use NLS
configure:13315: result: yes
configure:13318: checking where the gettext function comes from
configure:13329: result: libc
configure:13395: checking for special C compiler options needed for large files
configure:13443: result: no
configure:13449: checking for _FILE_OFFSET_BITS value needed for large files
configure:13510: result: no
configure:13735: checking whether byte ordering is bigendian
configure:13751: gcc -c   -D_FILE_OFFSET_BITS=64 conftest.c >&5
conftest.c:60:16: error: unknown type name 'not'
   60 |                not a universal capable compiler
      |                ^~~
conftest.c:60:22: error: expected '=', ',', ';', 'asm' or '__attribute__' before 'universal'
   60 |                not a universal capable compiler
      |                      ^~~~~~~~~
conftest.c:60:22: error: unknown type name 'universal'
configure:13751: $? = 1
configure: failed program was:
| /* confdefs.h */
| #define PACKAGE_NAME "GRUB"
| #define PACKAGE_TARNAME "grub"
| #define PACKAGE_VERSION "2.14"
| #define PACKAGE_STRING "GRUB 2.14"
| #define PACKAGE_BUGREPORT "bug-grub@gnu.org"
| #define PACKAGE_URL ""
| #define HAVE_STDIO_H 1
| #define HAVE_STDLIB_H 1
| #define HAVE_STRING_H 1
| #define HAVE_INTTYPES_H 1
| #define HAVE_STDINT_H 1
| #define HAVE_STRINGS_H 1
| #define HAVE_SYS_STAT_H 1
| #define HAVE_SYS_TYPES_H 1
| #define HAVE_UNISTD_H 1
| #define HAVE_WCHAR_H 1
| #define HAVE_FEATURES_H 1
| #define HAVE_SYS_PARAM_H 1
| #define HAVE_SYS_SOCKET_H 1
| #define HAVE_DIRENT_H 1
| #define HAVE_FNMATCH_H 1
| #define HAVE_GETOPT_H 1
| #define HAVE_SYS_CDEFS_H 1
| #define HAVE_THREADS_H 1
| #define HAVE_LIMITS_H 1
| #define HAVE_LANGINFO_H 1
| #define HAVE_SYS_MMAN_H 1
| #define HAVE_MALLOC_H 1
| #define HAVE_SYS_TIME_H 1
| #define HAVE_SYSEXITS_H 1
| #define HAVE_WCTYPE_H 1
| #define STDC_HEADERS 1
| #define _ALL_SOURCE 1
| #define _DARWIN_C_SOURCE 1
| #define _GNU_SOURCE 1
| #define _HPUX_ALT_XOPEN_SOCKET_API 1
| #define _NETBSD_SOURCE 1
| #define _OPENBSD_SOURCE 1
| #define _POSIX_PTHREAD_SEMANTICS 1
| #define __STDC_WANT_IEC_60559_ATTRIBS_EXT__ 1
| #define __STDC_WANT_IEC_60559_BFP_EXT__ 1
| #define __STDC_WANT_IEC_60559_DFP_EXT__ 1
| #define __STDC_WANT_IEC_60559_FUNCS_EXT__ 1
| #define __STDC_WANT_IEC_60559_TYPES_EXT__ 1
| #define __STDC_WANT_LIB_EXT2__ 1
| #define __STDC_WANT_MATH_SPEC_FUNCS__ 1
| #define _TANDEM_SOURCE 1
| #define __EXTENSIONS__ 1
| #define PACKAGE "grub"
| #define VERSION "2.14"
| #define GRUB_BOOT_DIR_NAME "boot"
| #define GRUB_DIR_NAME "grub"
| #define YYTEXT_POINTER 1
| #define ENABLE_NLS 1
| #define HAVE_GETTEXT 1
| #define HAVE_DCGETTEXT 1
| /* end confdefs.h.  */
| #ifndef __APPLE_CC__
| 	       not a universal capable compiler
| 	     #endif
| 	     typedef int dummy;
| 
configure:13797: gcc -c   -D_FILE_OFFSET_BITS=64 conftest.c >&5
configure:13797: $? = 0
configure:13816: gcc -c   -D_FILE_OFFSET_BITS=64 conftest.c >&5
conftest.c: In function 'main':
conftest.c:66:18: error: unknown type name 'not'; did you mean 'ino_t'?
   66 |                  not big endian
      |                  ^~~
      |                  ino_t
conftest.c:66:26: error: expected '=', ',', ';', 'asm' or '__attribute__' before 'endian'
   66 |                  not big endian
      |                          ^~~~~~
configure:13816: $? = 1
configure: failed program was:
| /* confdefs.h */
| #define PACKAGE_NAME "GRUB"
| #define PACKAGE_TARNAME "grub"
| #define PACKAGE_VERSION "2.14"
| #define PACKAGE_STRING "GRUB 2.14"
| #define PACKAGE_BUGREPORT "bug-grub@gnu.org"
| #define PACKAGE_URL ""
| #define HAVE_STDIO_H 1
| #define HAVE_STDLIB_H 1
| #define HAVE_STRING_H 1
| #define HAVE_INTTYPES_H 1
| #define HAVE_STDINT_H 1
| #define HAVE_STRINGS_H 1
| #define HAVE_SYS_STAT_H 1
| #define HAVE_SYS_TYPES_H 1
| #define HAVE_UNISTD_H 1
| #define HAVE_WCHAR_H 1
| #define HAVE_FEATURES_H 1
| #define HAVE_SYS_PARAM_H 1
| #define HAVE_SYS_SOCKET_H 1
| #define HAVE_DIRENT_H 1
| #define HAVE_FNMATCH_H 1
| #define HAVE_GETOPT_H 1
| #define HAVE_SYS_CDEFS_H 1
| #define HAVE_THREADS_H 1
| #define HAVE_LIMITS_H 1
| #define HAVE_LANGINFO_H 1
| #define HAVE_SYS_MMAN_H 1
| #define HAVE_MALLOC_H 1
| #define HAVE_SYS_TIME_H 1
| #define HAVE_SYSEXITS_H 1
| #define HAVE_WCTYPE_H 1
| #define STDC_HEADERS 1
| #define _ALL_SOURCE 1
| #define _DARWIN_C_SOURCE 1
| #define _GNU_SOURCE 1
| #define _HPUX_ALT_XOPEN_SOCKET_API 1
| #define _NETBSD_SOURCE 1
| #define _OPENBSD_SOURCE 1
| #define _POSIX_PTHREAD_SEMANTICS 1
| #define __STDC_WANT_IEC_60559_ATTRIBS_EXT__ 1
| #define __STDC_WANT_IEC_60559_BFP_EXT__ 1
| #define __STDC_WANT_IEC_60559_DFP_EXT__ 1
| #define __STDC_WANT_IEC_60559_FUNCS_EXT__ 1
| #define __STDC_WANT_IEC_60559_TYPES_EXT__ 1
| #define __STDC_WANT_LIB_EXT2__ 1
| #define __STDC_WANT_MATH_SPEC_FUNCS__ 1
| #define _TANDEM_SOURCE 1
| #define __EXTENSIONS__ 1
| #define PACKAGE "grub"
| #define VERSION "2.14"
| #define GRUB_BOOT_DIR_NAME "boot"
| #define GRUB_DIR_NAME "grub"
| #define YYTEXT_POINTER 1
| #define ENABLE_NLS 1
| #define HAVE_GETTEXT 1
| #define HAVE_DCGETTEXT 1
| /* end confdefs.h.  */
| #include <sys/types.h>
| 		#include <sys/param.h>
| 
| int
| main (void)
| {
| #if BYTE_ORDER != BIG_ENDIAN
| 		 not big endian
| 		#endif
| 
|   ;
|   return 0;
| }
configure:13950: result: no
configure:13972: checking size of void *
configure:13978: gcc -o conftest   -D_FILE_OFFSET_BITS=64  conftest.c  >&5
configure:13978: $? = 0
configure:13978: ./conftest
configure:13978: $? = 0
configure:13993: result: 8
configure:14005: checking size of long
configure:14011: gcc -o conftest   -D_FILE_OFFSET_BITS=64  conftest.c  >&5
configure:14011: $? = 0
configure:14011: ./conftest
configure:14011: $? = 0
configure:14026: result: 8
configure:14084: checking size of off_t
configure:14090: gcc -o conftest   -D_FILE_OFFSET_BITS=64  conftest.c  >&5
configure:14090: $? = 0
configure:14090: ./conftest
configure:14090: $? = 0
configure:14105: result: 8
configure:14161: checking for help2man
configure:14199: result: no
configure:14207: checking for posix_memalign
configure:14207: gcc -o conftest   -D_FILE_OFFSET_BITS=64  conftest.c  >&5
conftest.c:78:6: warning: conflicting types for built-in function 'posix_memalign'; expected 'int(void **, long unsigned int,  long unsigned int)' [-Wbuiltin-declaration-mismatch]
   78 | char posix_memalign ();
      |      ^~~~~~~~~~~~~~
configure:14207: $? = 0
configure:14207: result: yes
configure:14213: checking for memalign
configure:14213: gcc -o conftest   -D_FILE_OFFSET_BITS=64  conftest.c  >&5
configure:14213: $? = 0
configure:14213: result: yes
configure:14219: checking for getextmntent
configure:14219: gcc -o conftest   -D_FILE_OFFSET_BITS=64  conftest.c  >&5
/usr/bin/ld: /tmp/ccGT5qNy.o: in function `main':
conftest.c:(.text+0xe): undefined reference to `getextmntent'
collect2: error: ld returned 1 exit status
configure:14219: $? = 1
configure: failed program was:
| /* confdefs.h */
| #define PACKAGE_NAME "GRUB"
| #define PACKAGE_TARNAME "grub"
| #define PACKAGE_VERSION "2.14"
| #define PACKAGE_STRING "GRUB 2.14"
| #define PACKAGE_BUGREPORT "bug-grub@gnu.org"
| #define PACKAGE_URL ""
| #define HAVE_STDIO_H 1
| #define HAVE_STDLIB_H 1
| #define HAVE_STRING_H 1
| #define HAVE_INTTYPES_H 1
| #define HAVE_STDINT_H 1
| #define HAVE_STRINGS_H 1
| #define HAVE_SYS_STAT_H 1
| #define HAVE_SYS_TYPES_H 1
| #define HAVE_UNISTD_H 1
| #define HAVE_WCHAR_H 1
| #define HAVE_FEATURES_H 1
| #define HAVE_SYS_PARAM_H 1
| #define HAVE_SYS_SOCKET_H 1
| #define HAVE_DIRENT_H 1
| #define HAVE_FNMATCH_H 1
| #define HAVE_GETOPT_H 1
| #define HAVE_SYS_CDEFS_H 1
| #define HAVE_THREADS_H 1
| #define HAVE_LIMITS_H 1
| #define HAVE_LANGINFO_H 1
| #define HAVE_SYS_MMAN_H 1
| #define HAVE_MALLOC_H 1
| #define HAVE_SYS_TIME_H 1
| #define HAVE_SYSEXITS_H 1
| #define HAVE_WCTYPE_H 1
| #define STDC_HEADERS 1
| #define _ALL_SOURCE 1
| #define _DARWIN_C_SOURCE 1
| #define _GNU_SOURCE 1
| #define _HPUX_ALT_XOPEN_SOCKET_API 1
| #define _NETBSD_SOURCE 1
| #define _OPENBSD_SOURCE 1
| #define _POSIX_PTHREAD_SEMANTICS 1
| #define __STDC_WANT_IEC_60559_ATTRIBS_EXT__ 1
| #define __STDC_WANT_IEC_60559_BFP_EXT__ 1
| #define __STDC_WANT_IEC_60559_DFP_EXT__ 1
| #define __STDC_WANT_IEC_60559_FUNCS_EXT__ 1
| #define __STDC_WANT_IEC_60559_TYPES_EXT__ 1
| #define __STDC_WANT_LIB_EXT2__ 1
| #define __STDC_WANT_MATH_SPEC_FUNCS__ 1
| #define _TANDEM_SOURCE 1
| #define __EXTENSIONS__ 1
| #define PACKAGE "grub"
| #define VERSION "2.14"
| #define GRUB_BOOT_DIR_NAME "boot"
| #define GRUB_DIR_NAME "grub"
| #define YYTEXT_POINTER 1
| #define ENABLE_NLS 1
| #define HAVE_GETTEXT 1
| #define HAVE_DCGETTEXT 1
| #define SIZEOF_VOID_P 8
| #define SIZEOF_LONG 8
| #define SIZEOF_OFF_T 8
| #define HAVE_POSIX_MEMALIGN 1
| #define HAVE_MEMALIGN 1
| /* end confdefs.h.  */
| /* Define getextmntent to an innocuous variant, in case <limits.h> declares getextmntent.
|    For example, HP-UX 11i <limits.h> declares gettimeofday.  */
| #define getextmntent innocuous_getextmntent
| 
| /* System header to define __stub macros and hopefully few prototypes,
|    which can conflict with char getextmntent (); below.  */
| 
| #include <limits.h>
| #undef getextmntent
| 
| /* Override any GCC internal prototype to avoid an error.
|    Use char because int might match the return type of a GCC
|    builtin and then its argument prototype would still apply.  */
| #ifdef __cplusplus
| extern "C"
| #endif
| char getextmntent ();
| /* The GNU C library defines this for functions which it implements
|     to always fail with ENOSYS.  Some functions are actually named
|     something starting with __ and the normal name is an alias.  */
| #if defined __stub_getextmntent || defined __stub___getextmntent
| choke me
| #endif
| 
| int
| main (void)
| {
| return getextmntent ();
|   ;
|   return 0;
| }
configure:14219: result: no
configure:14225: checking for atexit
configure:14225: gcc -o conftest   -D_FILE_OFFSET_BITS=64  conftest.c  >&5
configure:14225: $? = 0
configure:14225: result: yes
configure:14232: checking for sys/param.h
configure:14232: result: yes
configure:14238: checking for sys/mount.h
configure:14238: gcc -c   -D_FILE_OFFSET_BITS=64 conftest.c >&5
configure:14238: $? = 0
configure:14238: result: yes
configure:14244: checking for sys/mnttab.h
configure:14244: gcc -c   -D_FILE_OFFSET_BITS=64 conftest.c >&5
conftest.c:95:10: fatal error: sys/mnttab.h: No such file or directory
   95 | #include <sys/mnttab.h>
      |          ^~~~~~~~~~~~~~
compilation terminated.
configure:14244: $? = 1
configure: failed program was:
| /* confdefs.h */
| #define PACKAGE_NAME "GRUB"
| #define PACKAGE_TARNAME "grub"
| #define PACKAGE_VERSION "2.14"
| #define PACKAGE_STRING "GRUB 2.14"
| #define PACKAGE_BUGREPORT "bug-grub@gnu.org"
| #define PACKAGE_URL ""
| #define HAVE_STDIO_H 1
| #define HAVE_STDLIB_H 1
| #define HAVE_STRING_H 1
| #define HAVE_INTTYPES_H 1
| #define HAVE_STDINT_H 1
| #define HAVE_STRINGS_H 1
| #define HAVE_SYS_STAT_H 1
| #define HAVE_SYS_TYPES_H 1
| #define HAVE_UNISTD_H 1
| #define HAVE_WCHAR_H 1
| #define HAVE_FEATURES_H 1
| #define HAVE_SYS_PARAM_H 1
| #define HAVE_SYS_SOCKET_H 1
| #define HAVE_DIRENT_H 1
| #define HAVE_FNMATCH_H 1
| #define HAVE_GETOPT_H 1
| #define HAVE_SYS_CDEFS_H 1
| #define HAVE_THREADS_H 1
| #define HAVE_LIMITS_H 1
| #define HAVE_LANGINFO_H 1
| #define HAVE_SYS_MMAN_H 1
| #define HAVE_MALLOC_H 1
| #define HAVE_SYS_TIME_H 1
| #define HAVE_SYSEXITS_H 1
| #define HAVE_WCTYPE_H 1
| #define STDC_HEADERS 1
| #define _ALL_SOURCE 1
| #define _DARWIN_C_SOURCE 1
| #define _GNU_SOURCE 1
| #define _HPUX_ALT_XOPEN_SOCKET_API 1
| #define _NETBSD_SOURCE 1
| #define _OPENBSD_SOURCE 1
| #define _POSIX_PTHREAD_SEMANTICS 1
| #define __STDC_WANT_IEC_60559_ATTRIBS_EXT__ 1
| #define __STDC_WANT_IEC_60559_BFP_EXT__ 1
| #define __STDC_WANT_IEC_60559_DFP_EXT__ 1
| #define __STDC_WANT_IEC_60559_FUNCS_EXT__ 1
| #define __STDC_WANT_IEC_60559_TYPES_EXT__ 1
| #define __STDC_WANT_LIB_EXT2__ 1
| #define __STDC_WANT_MATH_SPEC_FUNCS__ 1
| #define _TANDEM_SOURCE 1
| #define __EXTENSIONS__ 1
| #define PACKAGE "grub"
| #define VERSION "2.14"
| #define GRUB_BOOT_DIR_NAME "boot"
| #define GRUB_DIR_NAME "grub"
| #define YYTEXT_POINTER 1
| #define ENABLE_NLS 1
| #define HAVE_GETTEXT 1
| #define HAVE_DCGETTEXT 1
| #define SIZEOF_VOID_P 8
| #define SIZEOF_LONG 8
| #define SIZEOF_OFF_T 8
| #define HAVE_POSIX_MEMALIGN 1
| #define HAVE_MEMALIGN 1
| #define HAVE_ATEXIT 1
| #define HAVE_SYS_PARAM_H 1
| #define HAVE_SYS_MOUNT_H 1
| /* end confdefs.h.  */
| #include <stddef.h>
| #ifdef HAVE_STDIO_H
| # include <stdio.h>
| #endif
| #ifdef HAVE_STDLIB_H
| # include <stdlib.h>
| #endif
| #ifdef HAVE_STRING_H
| # include <string.h>
| #endif
| #ifdef HAVE_INTTYPES_H
| # include <inttypes.h>
| #endif
| #ifdef HAVE_STDINT_H
| # include <stdint.h>
| #endif
| #ifdef HAVE_STRINGS_H
| # include <strings.h>
| #endif
| #ifdef HAVE_SYS_TYPES_H
| # include <sys/types.h>
| #endif
| #ifdef HAVE_SYS_STAT_H
| # include <sys/stat.h>
| #endif
| #ifdef HAVE_UNISTD_H
| # include <unistd.h>
| #endif
| #include <sys/mnttab.h>
configure:14244: result: no
configure:14250: checking for limits.h
configure:14250: result: yes
configure:14264: checking for sys/mkdev.h
configure:14264: gcc -c -std=gnu99 -fno-common  -Werror  -D_FILE_OFFSET_BITS=64 conftest.c >&5
conftest.c:96:10: fatal error: sys/mkdev.h: No such file or directory
   96 | #include <sys/mkdev.h>
      |          ^~~~~~~~~~~~~
compilation terminated.
configure:14264: $? = 1
configure: failed program was:
| /* confdefs.h */
| #define PACKAGE_NAME "GRUB"
| #define PACKAGE_TARNAME "grub"
| #define PACKAGE_VERSION "2.14"
| #define PACKAGE_STRING "GRUB 2.14"
| #define PACKAGE_BUGREPORT "bug-grub@gnu.org"
| #define PACKAGE_URL ""
| #define HAVE_STDIO_H 1
| #define HAVE_STDLIB_H 1
| #define HAVE_STRING_H 1
| #define HAVE_INTTYPES_H 1
| #define HAVE_STDINT_H 1
| #define HAVE_STRINGS_H 1
| #define HAVE_SYS_STAT_H 1
| #define HAVE_SYS_TYPES_H 1
| #define HAVE_UNISTD_H 1
| #define HAVE_WCHAR_H 1
| #define HAVE_FEATURES_H 1
| #define HAVE_SYS_PARAM_H 1
| #define HAVE_SYS_SOCKET_H 1
| #define HAVE_DIRENT_H 1
| #define HAVE_FNMATCH_H 1
| #define HAVE_GETOPT_H 1
| #define HAVE_SYS_CDEFS_H 1
| #define HAVE_THREADS_H 1
| #define HAVE_LIMITS_H 1
| #define HAVE_LANGINFO_H 1
| #define HAVE_SYS_MMAN_H 1
| #define HAVE_MALLOC_H 1
| #define HAVE_SYS_TIME_H 1
| #define HAVE_SYSEXITS_H 1
| #define HAVE_WCTYPE_H 1
| #define STDC_HEADERS 1
| #define _ALL_SOURCE 1
| #define _DARWIN_C_SOURCE 1
| #define _GNU_SOURCE 1
| #define _HPUX_ALT_XOPEN_SOCKET_API 1
| #define _NETBSD_SOURCE 1
| #define _OPENBSD_SOURCE 1
| #define _POSIX_PTHREAD_SEMANTICS 1
| #define __STDC_WANT_IEC_60559_ATTRIBS_EXT__ 1
| #define __STDC_WANT_IEC_60559_BFP_EXT__ 1
| #define __STDC_WANT_IEC_60559_DFP_EXT__ 1
| #define __STDC_WANT_IEC_60559_FUNCS_EXT__ 1
| #define __STDC_WANT_IEC_60559_TYPES_EXT__ 1
| #define __STDC_WANT_LIB_EXT2__ 1
| #define __STDC_WANT_MATH_SPEC_FUNCS__ 1
| #define _TANDEM_SOURCE 1
| #define __EXTENSIONS__ 1
| #define PACKAGE "grub"
| #define VERSION "2.14"
| #define GRUB_BOOT_DIR_NAME "boot"
| #define GRUB_DIR_NAME "grub"
| #define YYTEXT_POINTER 1
| #define ENABLE_NLS 1
| #define HAVE_GETTEXT 1
| #define HAVE_DCGETTEXT 1
| #define SIZEOF_VOID_P 8
| #define SIZEOF_LONG 8
| #define SIZEOF_OFF_T 8
| #define HAVE_POSIX_MEMALIGN 1
| #define HAVE_MEMALIGN 1
| #define HAVE_ATEXIT 1
| #define HAVE_SYS_PARAM_H 1
| #define HAVE_SYS_MOUNT_H 1
| #define HAVE_LIMITS_H 1
| /* end confdefs.h.  */
| #include <stddef.h>
| #ifdef HAVE_STDIO_H
| # include <stdio.h>
| #endif
| #ifdef HAVE_STDLIB_H
| # include <stdlib.h>
| #endif
| #ifdef HAVE_STRING_H
| # include <string.h>
| #endif
| #ifdef HAVE_INTTYPES_H
| # include <inttypes.h>
| #endif
| #ifdef HAVE_STDINT_H
| # include <stdint.h>
| #endif
| #ifdef HAVE_STRINGS_H
| # include <strings.h>
| #endif
| #ifdef HAVE_SYS_TYPES_H
| # include <sys/types.h>
| #endif
| #ifdef HAVE_SYS_STAT_H
| # include <sys/stat.h>
| #endif
| #ifdef HAVE_UNISTD_H
| # include <unistd.h>
| #endif
| #include <sys/mkdev.h>
configure:14264: result: no
configure:14273: checking for sys/sysmacros.h
configure:14273: gcc -c -std=gnu99 -fno-common  -Werror  -D_FILE_OFFSET_BITS=64 conftest.c >&5
configure:14273: $? = 0
configure:14273: result: yes
configure:14285: checking for struct statfs.f_fstypename
configure:14285: gcc -c   -D_FILE_OFFSET_BITS=64 conftest.c >&5
conftest.c: In function 'main':
conftest.c:103:22: error: storage size of 'ac_aggr' isn't known
  103 | static struct statfs ac_aggr;
      |                      ^~~~~~~
configure:14285: $? = 1
configure: failed program was:
| /* confdefs.h */
| #define PACKAGE_NAME "GRUB"
| #define PACKAGE_TARNAME "grub"
| #define PACKAGE_VERSION "2.14"
| #define PACKAGE_STRING "GRUB 2.14"
| #define PACKAGE_BUGREPORT "bug-grub@gnu.org"
| #define PACKAGE_URL ""
| #define HAVE_STDIO_H 1
| #define HAVE_STDLIB_H 1
| #define HAVE_STRING_H 1
| #define HAVE_INTTYPES_H 1
| #define HAVE_STDINT_H 1
| #define HAVE_STRINGS_H 1
| #define HAVE_SYS_STAT_H 1
| #define HAVE_SYS_TYPES_H 1
| #define HAVE_UNISTD_H 1
| #define HAVE_WCHAR_H 1
| #define HAVE_FEATURES_H 1
| #define HAVE_SYS_PARAM_H 1
| #define HAVE_SYS_SOCKET_H 1
| #define HAVE_DIRENT_H 1
| #define HAVE_FNMATCH_H 1
| #define HAVE_GETOPT_H 1
| #define HAVE_SYS_CDEFS_H 1
| #define HAVE_THREADS_H 1
| #define HAVE_LIMITS_H 1
| #define HAVE_LANGINFO_H 1
| #define HAVE_SYS_MMAN_H 1
| #define HAVE_MALLOC_H 1
| #define HAVE_SYS_TIME_H 1
| #define HAVE_SYSEXITS_H 1
| #define HAVE_WCTYPE_H 1
| #define STDC_HEADERS 1
| #define _ALL_SOURCE 1
| #define _DARWIN_C_SOURCE 1
| #define _GNU_SOURCE 1
| #define _HPUX_ALT_XOPEN_SOCKET_API 1
| #define _NETBSD_SOURCE 1
| #define _OPENBSD_SOURCE 1
| #define _POSIX_PTHREAD_SEMANTICS 1
| #define __STDC_WANT_IEC_60559_ATTRIBS_EXT__ 1
| #define __STDC_WANT_IEC_60559_BFP_EXT__ 1
| #define __STDC_WANT_IEC_60559_DFP_EXT__ 1
| #define __STDC_WANT_IEC_60559_FUNCS_EXT__ 1
| #define __STDC_WANT_IEC_60559_TYPES_EXT__ 1
| #define __STDC_WANT_LIB_EXT2__ 1
| #define __STDC_WANT_MATH_SPEC_FUNCS__ 1
| #define _TANDEM_SOURCE 1
| #define __EXTENSIONS__ 1
| #define PACKAGE "grub"
| #define VERSION "2.14"
| #define GRUB_BOOT_DIR_NAME "boot"
| #define GRUB_DIR_NAME "grub"
| #define YYTEXT_POINTER 1
| #define ENABLE_NLS 1
| #define HAVE_GETTEXT 1
| #define HAVE_DCGETTEXT 1
| #define SIZEOF_VOID_P 8
| #define SIZEOF_LONG 8
| #define SIZEOF_OFF_T 8
| #define HAVE_POSIX_MEMALIGN 1
| #define HAVE_MEMALIGN 1
| #define HAVE_ATEXIT 1
| #define HAVE_SYS_PARAM_H 1
| #define HAVE_SYS_MOUNT_H 1
| #define HAVE_LIMITS_H 1
| #define MAJOR_IN_SYSMACROS 1
| /* end confdefs.h.  */
| #include <stddef.h>
| #ifdef HAVE_STDIO_H
| # include <stdio.h>
| #endif
| #ifdef HAVE_STDLIB_H
| # include <stdlib.h>
| #endif
| #ifdef HAVE_STRING_H
| # include <string.h>
| #endif
| #ifdef HAVE_INTTYPES_H
| # include <inttypes.h>
| #endif
| #ifdef HAVE_STDINT_H
| # include <stdint.h>
| #endif
| #ifdef HAVE_STRINGS_H
| # include <strings.h>
| #endif
| #ifdef HAVE_SYS_TYPES_H
| # include <sys/types.h>
| #endif
| #ifdef HAVE_SYS_STAT_H
| # include <sys/stat.h>
| #endif
| #ifdef HAVE_UNISTD_H
| # include <unistd.h>
| #endif
| #include <sys/param.h>
| #include <sys/mount.h>
| 
| int
| main (void)
| {
| static struct statfs ac_aggr;
| if (ac_aggr.f_fstypename)
| return 0;
|   ;
|   return 0;
| }
configure:14285: gcc -c   -D_FILE_OFFSET_BITS=64 conftest.c >&5
conftest.c: In function 'main':
conftest.c:103:22: error: storage size of 'ac_aggr' isn't known
  103 | static struct statfs ac_aggr;
      |                      ^~~~~~~
configure:14285: $? = 1
configure: failed program was:
| /* confdefs.h */
| #define PACKAGE_NAME "GRUB"
| #define PACKAGE_TARNAME "grub"
| #define PACKAGE_VERSION "2.14"
| #define PACKAGE_STRING "GRUB 2.14"
| #define PACKAGE_BUGREPORT "bug-grub@gnu.org"
| #define PACKAGE_URL ""
| #define HAVE_STDIO_H 1
| #define HAVE_STDLIB_H 1
| #define HAVE_STRING_H 1
| #define HAVE_INTTYPES_H 1
| #define HAVE_STDINT_H 1
| #define HAVE_STRINGS_H 1
| #define HAVE_SYS_STAT_H 1
| #define HAVE_SYS_TYPES_H 1
| #define HAVE_UNISTD_H 1
| #define HAVE_WCHAR_H 1
| #define HAVE_FEATURES_H 1
| #define HAVE_SYS_PARAM_H 1
| #define HAVE_SYS_SOCKET_H 1
| #define HAVE_DIRENT_H 1
| #define HAVE_FNMATCH_H 1
| #define HAVE_GETOPT_H 1
| #define HAVE_SYS_CDEFS_H 1
| #define HAVE_THREADS_H 1
| #define HAVE_LIMITS_H 1
| #define HAVE_LANGINFO_H 1
| #define HAVE_SYS_MMAN_H 1
| #define HAVE_MALLOC_H 1
| #define HAVE_SYS_TIME_H 1
| #define HAVE_SYSEXITS_H 1
| #define HAVE_WCTYPE_H 1
| #define STDC_HEADERS 1
| #define _ALL_SOURCE 1
| #define _DARWIN_C_SOURCE 1
| #define _GNU_SOURCE 1
| #define _HPUX_ALT_XOPEN_SOCKET_API 1
| #define _NETBSD_SOURCE 1
| #define _OPENBSD_SOURCE 1
| #define _POSIX_PTHREAD_SEMANTICS 1
| #define __STDC_WANT_IEC_60559_ATTRIBS_EXT__ 1
| #define __STDC_WANT_IEC_60559_BFP_EXT__ 1
| #define __STDC_WANT_IEC_60559_DFP_EXT__ 1
| #define __STDC_WANT_IEC_60559_FUNCS_EXT__ 1
| #define __STDC_WANT_IEC_60559_TYPES_EXT__ 1
| #define __STDC_WANT_LIB_EXT2__ 1
| #define __STDC_WANT_MATH_SPEC_FUNCS__ 1
| #define _TANDEM_SOURCE 1
| #define __EXTENSIONS__ 1
| #define PACKAGE "grub"
| #define VERSION "2.14"
| #define GRUB_BOOT_DIR_NAME "boot"
| #define GRUB_DIR_NAME "grub"
| #define YYTEXT_POINTER 1
| #define ENABLE_NLS 1
| #define HAVE_GETTEXT 1
| #define HAVE_DCGETTEXT 1
| #define SIZEOF_VOID_P 8
| #define SIZEOF_LONG 8
| #define SIZEOF_OFF_T 8
| #define HAVE_POSIX_MEMALIGN 1
| #define HAVE_MEMALIGN 1
| #define HAVE_ATEXIT 1
| #define HAVE_SYS_PARAM_H 1
| #define HAVE_SYS_MOUNT_H 1
| #define HAVE_LIMITS_H 1
| #define MAJOR_IN_SYSMACROS 1
| /* end confdefs.h.  */
| #include <stddef.h>
| #ifdef HAVE_STDIO_H
| # include <stdio.h>
| #endif
| #ifdef HAVE_STDLIB_H
| # include <stdlib.h>
| #endif
| #ifdef HAVE_STRING_H
| # include <string.h>
| #endif
| #ifdef HAVE_INTTYPES_H
| # include <inttypes.h>
| #endif
| #ifdef HAVE_STDINT_H
| # include <stdint.h>
| #endif
| #ifdef HAVE_STRINGS_H
| # include <strings.h>
| #endif
| #ifdef HAVE_SYS_TYPES_H
| # include <sys/types.h>
| #endif
| #ifdef HAVE_SYS_STAT_H
| # include <sys/stat.h>
| #endif
| #ifdef HAVE_UNISTD_H
| # include <unistd.h>
| #endif
| #include <sys/param.h>
| #include <sys/mount.h>
| 
| int
| main (void)
| {
| static struct statfs ac_aggr;
| if (sizeof ac_aggr.f_fstypename)
| return 0;
|   ;
|   return 0;
| }
configure:14285: result: no
configure:14298: checking for struct statfs.f_mntfromname
configure:14298: gcc -c   -D_FILE_OFFSET_BITS=64 conftest.c >&5
conftest.c: In function 'main':
conftest.c:103:22: error: storage size of 'ac_aggr' isn't known
  103 | static struct statfs ac_aggr;
      |                      ^~~~~~~
configure:14298: $? = 1
configure: failed program was:
| /* confdefs.h */
| #define PACKAGE_NAME "GRUB"
| #define PACKAGE_TARNAME "grub"
| #define PACKAGE_VERSION "2.14"
| #define PACKAGE_STRING "GRUB 2.14"
| #define PACKAGE_BUGREPORT "bug-grub@gnu.org"
| #define PACKAGE_URL ""
| #define HAVE_STDIO_H 1
| #define HAVE_STDLIB_H 1
| #define HAVE_STRING_H 1
| #define HAVE_INTTYPES_H 1
| #define HAVE_STDINT_H 1
| #define HAVE_STRINGS_H 1
| #define HAVE_SYS_STAT_H 1
| #define HAVE_SYS_TYPES_H 1
| #define HAVE_UNISTD_H 1
| #define HAVE_WCHAR_H 1
| #define HAVE_FEATURES_H 1
| #define HAVE_SYS_PARAM_H 1
| #define HAVE_SYS_SOCKET_H 1
| #define HAVE_DIRENT_H 1
| #define HAVE_FNMATCH_H 1
| #define HAVE_GETOPT_H 1
| #define HAVE_SYS_CDEFS_H 1
| #define HAVE_THREADS_H 1
| #define HAVE_LIMITS_H 1
| #define HAVE_LANGINFO_H 1
| #define HAVE_SYS_MMAN_H 1
| #define HAVE_MALLOC_H 1
| #define HAVE_SYS_TIME_H 1
| #define HAVE_SYSEXITS_H 1
| #define HAVE_WCTYPE_H 1
| #define STDC_HEADERS 1
| #define _ALL_SOURCE 1
| #define _DARWIN_C_SOURCE 1
| #define _GNU_SOURCE 1
| #define _HPUX_ALT_XOPEN_SOCKET_API 1
| #define _NETBSD_SOURCE 1
| #define _OPENBSD_SOURCE 1
| #define _POSIX_PTHREAD_SEMANTICS 1
| #define __STDC_WANT_IEC_60559_ATTRIBS_EXT__ 1
| #define __STDC_WANT_IEC_60559_BFP_EXT__ 1
| #define __STDC_WANT_IEC_60559_DFP_EXT__ 1
| #define __STDC_WANT_IEC_60559_FUNCS_EXT__ 1
| #define __STDC_WANT_IEC_60559_TYPES_EXT__ 1
| #define __STDC_WANT_LIB_EXT2__ 1
| #define __STDC_WANT_MATH_SPEC_FUNCS__ 1
| #define _TANDEM_SOURCE 1
| #define __EXTENSIONS__ 1
| #define PACKAGE "grub"
| #define VERSION "2.14"
| #define GRUB_BOOT_DIR_NAME "boot"
| #define GRUB_DIR_NAME "grub"
| #define YYTEXT_POINTER 1
| #define ENABLE_NLS 1
| #define HAVE_GETTEXT 1
| #define HAVE_DCGETTEXT 1
| #define SIZEOF_VOID_P 8
| #define SIZEOF_LONG 8
| #define SIZEOF_OFF_T 8
| #define HAVE_POSIX_MEMALIGN 1
| #define HAVE_MEMALIGN 1
| #define HAVE_ATEXIT 1
| #define HAVE_SYS_PARAM_H 1
| #define HAVE_SYS_MOUNT_H 1
| #define HAVE_LIMITS_H 1
| #define MAJOR_IN_SYSMACROS 1
| /* end confdefs.h.  */
| #include <stddef.h>
| #ifdef HAVE_STDIO_H
| # include <stdio.h>
| #endif
| #ifdef HAVE_STDLIB_H
| # include <stdlib.h>
| #endif
| #ifdef HAVE_STRING_H
| # include <string.h>
| #endif
| #ifdef HAVE_INTTYPES_H
| # include <inttypes.h>
| #endif
| #ifdef HAVE_STDINT_H
| # include <stdint.h>
| #endif
| #ifdef HAVE_STRINGS_H
| # include <strings.h>
| #endif
| #ifdef HAVE_SYS_TYPES_H
| # include <sys/types.h>
| #endif
| #ifdef HAVE_SYS_STAT_H
| # include <sys/stat.h>
| #endif
| #ifdef HAVE_UNISTD_H
| # include <unistd.h>
| #endif
| #include <sys/param.h>
| #include <sys/mount.h>
| 
| int
| main (void)
| {
| static struct statfs ac_aggr;
| if (ac_aggr.f_mntfromname)
| return 0;
|   ;
|   return 0;
| }
configure:14298: gcc -c   -D_FILE_OFFSET_BITS=64 conftest.c >&5
conftest.c: In function 'main':
conftest.c:103:22: error: storage size of 'ac_aggr' isn't known
  103 | static struct statfs ac_aggr;
      |                      ^~~~~~~
configure:14298: $? = 1
configure: failed program was:
| /* confdefs.h */
| #define PACKAGE_NAME "GRUB"
| #define PACKAGE_TARNAME "grub"
| #define PACKAGE_VERSION "2.14"
| #define PACKAGE_STRING "GRUB 2.14"
| #define PACKAGE_BUGREPORT "bug-grub@gnu.org"
| #define PACKAGE_URL ""
| #define HAVE_STDIO_H 1
| #define HAVE_STDLIB_H 1
| #define HAVE_STRING_H 1
| #define HAVE_INTTYPES_H 1
| #define HAVE_STDINT_H 1
| #define HAVE_STRINGS_H 1
| #define HAVE_SYS_STAT_H 1
| #define HAVE_SYS_TYPES_H 1
| #define HAVE_UNISTD_H 1
| #define HAVE_WCHAR_H 1
| #define HAVE_FEATURES_H 1
| #define HAVE_SYS_PARAM_H 1
| #define HAVE_SYS_SOCKET_H 1
| #define HAVE_DIRENT_H 1
| #define HAVE_FNMATCH_H 1
| #define HAVE_GETOPT_H 1
| #define HAVE_SYS_CDEFS_H 1
| #define HAVE_THREADS_H 1
| #define HAVE_LIMITS_H 1
| #define HAVE_LANGINFO_H 1
| #define HAVE_SYS_MMAN_H 1
| #define HAVE_MALLOC_H 1
| #define HAVE_SYS_TIME_H 1
| #define HAVE_SYSEXITS_H 1
| #define HAVE_WCTYPE_H 1
| #define STDC_HEADERS 1
| #define _ALL_SOURCE 1
| #define _DARWIN_C_SOURCE 1
| #define _GNU_SOURCE 1
| #define _HPUX_ALT_XOPEN_SOCKET_API 1
| #define _NETBSD_SOURCE 1
| #define _OPENBSD_SOURCE 1
| #define _POSIX_PTHREAD_SEMANTICS 1
| #define __STDC_WANT_IEC_60559_ATTRIBS_EXT__ 1
| #define __STDC_WANT_IEC_60559_BFP_EXT__ 1
| #define __STDC_WANT_IEC_60559_DFP_EXT__ 1
| #define __STDC_WANT_IEC_60559_FUNCS_EXT__ 1
| #define __STDC_WANT_IEC_60559_TYPES_EXT__ 1
| #define __STDC_WANT_LIB_EXT2__ 1
| #define __STDC_WANT_MATH_SPEC_FUNCS__ 1
| #define _TANDEM_SOURCE 1
| #define __EXTENSIONS__ 1
| #define PACKAGE "grub"
| #define VERSION "2.14"
| #define GRUB_BOOT_DIR_NAME "boot"
| #define GRUB_DIR_NAME "grub"
| #define YYTEXT_POINTER 1
| #define ENABLE_NLS 1
| #define HAVE_GETTEXT 1
| #define HAVE_DCGETTEXT 1
| #define SIZEOF_VOID_P 8
| #define SIZEOF_LONG 8
| #define SIZEOF_OFF_T 8
| #define HAVE_POSIX_MEMALIGN 1
| #define HAVE_MEMALIGN 1
| #define HAVE_ATEXIT 1
| #define HAVE_SYS_PARAM_H 1
| #define HAVE_SYS_MOUNT_H 1
| #define HAVE_LIMITS_H 1
| #define MAJOR_IN_SYSMACROS 1
| /* end confdefs.h.  */
| #include <stddef.h>
| #ifdef HAVE_STDIO_H
| # include <stdio.h>
| #endif
| #ifdef HAVE_STDLIB_H
| # include <stdlib.h>
| #endif
| #ifdef HAVE_STRING_H
| # include <string.h>
| #endif
| #ifdef HAVE_INTTYPES_H
| # include <inttypes.h>
| #endif
| #ifdef HAVE_STDINT_H
| # include <stdint.h>
| #endif
| #ifdef HAVE_STRINGS_H
| # include <strings.h>
| #endif
| #ifdef HAVE_SYS_TYPES_H
| # include <sys/types.h>
| #endif
| #ifdef HAVE_SYS_STAT_H
| # include <sys/stat.h>
| #endif
| #ifdef HAVE_UNISTD_H
| # include <unistd.h>
| #endif
| #include <sys/param.h>
| #include <sys/mount.h>
| 
| int
| main (void)
| {
| static struct statfs ac_aggr;
| if (sizeof ac_aggr.f_mntfromname)
| return 0;
|   ;
|   return 0;
| }
configure:14298: result: no
configure:14313: checking for util.h
configure:14313: gcc -c   -D_FILE_OFFSET_BITS=64 conftest.c >&5
conftest.c:97:10: fatal error: util.h: No such file or directory
   97 | #include <util.h>
      |          ^~~~~~~~
compilation terminated.
configure:14313: $? = 1
configure: failed program was:
| /* confdefs.h */
| #define PACKAGE_NAME "GRUB"
| #define PACKAGE_TARNAME "grub"
| #define PACKAGE_VERSION "2.14"
| #define PACKAGE_STRING "GRUB 2.14"
| #define PACKAGE_BUGREPORT "bug-grub@gnu.org"
| #define PACKAGE_URL ""
| #define HAVE_STDIO_H 1
| #define HAVE_STDLIB_H 1
| #define HAVE_STRING_H 1
| #define HAVE_INTTYPES_H 1
| #define HAVE_STDINT_H 1
| #define HAVE_STRINGS_H 1
| #define HAVE_SYS_STAT_H 1
| #define HAVE_SYS_TYPES_H 1
| #define HAVE_UNISTD_H 1
| #define HAVE_WCHAR_H 1
| #define HAVE_FEATURES_H 1
| #define HAVE_SYS_PARAM_H 1
| #define HAVE_SYS_SOCKET_H 1
| #define HAVE_DIRENT_H 1
| #define HAVE_FNMATCH_H 1
| #define HAVE_GETOPT_H 1
| #define HAVE_SYS_CDEFS_H 1
| #define HAVE_THREADS_H 1
| #define HAVE_LIMITS_H 1
| #define HAVE_LANGINFO_H 1
| #define HAVE_SYS_MMAN_H 1
| #define HAVE_MALLOC_H 1
| #define HAVE_SYS_TIME_H 1
| #define HAVE_SYSEXITS_H 1
| #define HAVE_WCTYPE_H 1
| #define STDC_HEADERS 1
| #define _ALL_SOURCE 1
| #define _DARWIN_C_SOURCE 1
| #define _GNU_SOURCE 1
| #define _HPUX_ALT_XOPEN_SOCKET_API 1
| #define _NETBSD_SOURCE 1
| #define _OPENBSD_SOURCE 1
| #define _POSIX_PTHREAD_SEMANTICS 1
| #define __STDC_WANT_IEC_60559_ATTRIBS_EXT__ 1
| #define __STDC_WANT_IEC_60559_BFP_EXT__ 1
| #define __STDC_WANT_IEC_60559_DFP_EXT__ 1
| #define __STDC_WANT_IEC_60559_FUNCS_EXT__ 1
| #define __STDC_WANT_IEC_60559_TYPES_EXT__ 1
| #define __STDC_WANT_LIB_EXT2__ 1
| #define __STDC_WANT_MATH_SPEC_FUNCS__ 1
| #define _TANDEM_SOURCE 1
| #define __EXTENSIONS__ 1
| #define PACKAGE "grub"
| #define VERSION "2.14"
| #define GRUB_BOOT_DIR_NAME "boot"
| #define GRUB_DIR_NAME "grub"
| #define YYTEXT_POINTER 1
| #define ENABLE_NLS 1
| #define HAVE_GETTEXT 1
| #define HAVE_DCGETTEXT 1
| #define SIZEOF_VOID_P 8
| #define SIZEOF_LONG 8
| #define SIZEOF_OFF_T 8
| #define HAVE_POSIX_MEMALIGN 1
| #define HAVE_MEMALIGN 1
| #define HAVE_ATEXIT 1
| #define HAVE_SYS_PARAM_H 1
| #define HAVE_SYS_MOUNT_H 1
| #define HAVE_LIMITS_H 1
| #define MAJOR_IN_SYSMACROS 1
| /* end confdefs.h.  */
| #include <stddef.h>
| #ifdef HAVE_STDIO_H
| # include <stdio.h>
| #endif
| #ifdef HAVE_STDLIB_H
| # include <stdlib.h>
| #endif
| #ifdef HAVE_STRING_H
| # include <string.h>
| #endif
| #ifdef HAVE_INTTYPES_H
| # include <inttypes.h>
| #endif
| #ifdef HAVE_STDINT_H
| # include <stdint.h>
| #endif
| #ifdef HAVE_STRINGS_H
| # include <strings.h>
| #endif
| #ifdef HAVE_SYS_TYPES_H
| # include <sys/types.h>
| #endif
| #ifdef HAVE_SYS_STAT_H
| # include <sys/stat.h>
| #endif
| #ifdef HAVE_UNISTD_H
| # include <unistd.h>
| #endif
| #include <util.h>
configure:14313: result: no
configure:14412: checking whether -Wtrampolines work
configure:14433: gcc -c -std=gnu99 -fno-common  -Wtrampolines -Werror  -D_FILE_OFFSET_BITS=64 conftest.c >&5
configure:14433: $? = 0
configure:14443: result: yes
configure:14458: checking for gcc
configure:14479: found /usr/bin/gcc
configure:14490: result: gcc
configure:14560: checking for size_t
configure:14560: gcc -c   -D_FILE_OFFSET_BITS=64 conftest.c >&5
configure:14560: $? = 0
configure:14560: gcc -c   -D_FILE_OFFSET_BITS=64 conftest.c >&5
conftest.c: In function 'main':
conftest.c:100:21: error: expected expression before ')' token
  100 | if (sizeof ((size_t)))
      |                     ^
configure:14560: $? = 1
configure: failed program was:
| /* confdefs.h */
| #define PACKAGE_NAME "GRUB"
| #define PACKAGE_TARNAME "grub"
| #define PACKAGE_VERSION "2.14"
| #define PACKAGE_STRING "GRUB 2.14"
| #define PACKAGE_BUGREPORT "bug-grub@gnu.org"
| #define PACKAGE_URL ""
| #define HAVE_STDIO_H 1
| #define HAVE_STDLIB_H 1
| #define HAVE_STRING_H 1
| #define HAVE_INTTYPES_H 1
| #define HAVE_STDINT_H 1
| #define HAVE_STRINGS_H 1
| #define HAVE_SYS_STAT_H 1
| #define HAVE_SYS_TYPES_H 1
| #define HAVE_UNISTD_H 1
| #define HAVE_WCHAR_H 1
| #define HAVE_FEATURES_H 1
| #define HAVE_SYS_PARAM_H 1
| #define HAVE_SYS_SOCKET_H 1
| #define HAVE_DIRENT_H 1
| #define HAVE_FNMATCH_H 1
| #define HAVE_GETOPT_H 1
| #define HAVE_SYS_CDEFS_H 1
| #define HAVE_THREADS_H 1
| #define HAVE_LIMITS_H 1
| #define HAVE_LANGINFO_H 1
| #define HAVE_SYS_MMAN_H 1
| #define HAVE_MALLOC_H 1
| #define HAVE_SYS_TIME_H 1
| #define HAVE_SYSEXITS_H 1
| #define HAVE_WCTYPE_H 1
| #define STDC_HEADERS 1
| #define _ALL_SOURCE 1
| #define _DARWIN_C_SOURCE 1
| #define _GNU_SOURCE 1
| #define _HPUX_ALT_XOPEN_SOCKET_API 1
| #define _NETBSD_SOURCE 1
| #define _OPENBSD_SOURCE 1
| #define _POSIX_PTHREAD_SEMANTICS 1
| #define __STDC_WANT_IEC_60559_ATTRIBS_EXT__ 1
| #define __STDC_WANT_IEC_60559_BFP_EXT__ 1
| #define __STDC_WANT_IEC_60559_DFP_EXT__ 1
| #define __STDC_WANT_IEC_60559_FUNCS_EXT__ 1
| #define __STDC_WANT_IEC_60559_TYPES_EXT__ 1
| #define __STDC_WANT_LIB_EXT2__ 1
| #define __STDC_WANT_MATH_SPEC_FUNCS__ 1
| #define _TANDEM_SOURCE 1
| #define __EXTENSIONS__ 1
| #define PACKAGE "grub"
| #define VERSION "2.14"
| #define GRUB_BOOT_DIR_NAME "boot"
| #define GRUB_DIR_NAME "grub"
| #define YYTEXT_POINTER 1
| #define ENABLE_NLS 1
| #define HAVE_GETTEXT 1
| #define HAVE_DCGETTEXT 1
| #define SIZEOF_VOID_P 8
| #define SIZEOF_LONG 8
| #define SIZEOF_OFF_T 8
| #define HAVE_POSIX_MEMALIGN 1
| #define HAVE_MEMALIGN 1
| #define HAVE_ATEXIT 1
| #define HAVE_SYS_PARAM_H 1
| #define HAVE_SYS_MOUNT_H 1
| #define HAVE_LIMITS_H 1
| #define MAJOR_IN_SYSMACROS 1
| /* end confdefs.h.  */
| #include <stddef.h>
| #ifdef HAVE_STDIO_H
| # include <stdio.h>
| #endif
| #ifdef HAVE_STDLIB_H
| # include <stdlib.h>
| #endif
| #ifdef HAVE_STRING_H
| # include <string.h>
| #endif
| #ifdef HAVE_INTTYPES_H
| # include <inttypes.h>
| #endif
| #ifdef HAVE_STDINT_H
| # include <stdint.h>
| #endif
| #ifdef HAVE_STRINGS_H
| # include <strings.h>
| #endif
| #ifdef HAVE_SYS_TYPES_H
| # include <sys/types.h>
| #endif
| #ifdef HAVE_SYS_STAT_H
| # include <sys/stat.h>
| #endif
| #ifdef HAVE_UNISTD_H
| # include <unistd.h>
| #endif
| int
| main (void)
| {
| if (sizeof ((size_t)))
| 	    return 0;
|   ;
|   return 0;
| }
configure:14560: result: yes
configure:14572: checking for working alloca.h
configure:14590: gcc -o conftest   -D_FILE_OFFSET_BITS=64  conftest.c  >&5
configure:14590: $? = 0
configure:14599: result: yes
configure:14607: checking for alloca
configure:14652: result: yes
configure:14723: checking for inline
configure:14740: gcc -c   -D_FILE_OFFSET_BITS=64 conftest.c >&5
configure:14740: $? = 0
configure:14749: result: inline
configure:14767: checking for C/C++ restrict keyword
configure:14797: gcc -c   -D_FILE_OFFSET_BITS=64 conftest.c >&5
configure:14797: $? = 0
configure:14806: result: __restrict__
configure:14817: checking for gcc options needed to detect all undeclared functions
configure:14839: gcc -c    -D_FILE_OFFSET_BITS=64 conftest.c >&5
conftest.c: In function 'main':
conftest.c:76:8: error: 'strchr' undeclared (first use in this function)
   76 | (void) strchr;
      |        ^~~~~~
conftest.c:1:1: note: 'strchr' is defined in header '<string.h>'; did you forget to '#include <string.h>'?
    1 | /* confdefs.h */
conftest.c:76:8: note: each undeclared identifier is reported only once for each function it appears in
   76 | (void) strchr;
      |        ^~~~~~
configure:14839: $? = 1
configure: failed program was:
| /* confdefs.h */
| #define PACKAGE_NAME "GRUB"
| #define PACKAGE_TARNAME "grub"
| #define PACKAGE_VERSION "2.14"
| #define PACKAGE_STRING "GRUB 2.14"
| #define PACKAGE_BUGREPORT "bug-grub@gnu.org"
| #define PACKAGE_URL ""
| #define HAVE_STDIO_H 1
| #define HAVE_STDLIB_H 1
| #define HAVE_STRING_H 1
| #define HAVE_INTTYPES_H 1
| #define HAVE_STDINT_H 1
| #define HAVE_STRINGS_H 1
| #define HAVE_SYS_STAT_H 1
| #define HAVE_SYS_TYPES_H 1
| #define HAVE_UNISTD_H 1
| #define HAVE_WCHAR_H 1
| #define HAVE_FEATURES_H 1
| #define HAVE_SYS_PARAM_H 1
| #define HAVE_SYS_SOCKET_H 1
| #define HAVE_DIRENT_H 1
| #define HAVE_FNMATCH_H 1
| #define HAVE_GETOPT_H 1
| #define HAVE_SYS_CDEFS_H 1
| #define HAVE_THREADS_H 1
| #define HAVE_LIMITS_H 1
| #define HAVE_LANGINFO_H 1
| #define HAVE_SYS_MMAN_H 1
| #define HAVE_MALLOC_H 1
| #define HAVE_SYS_TIME_H 1
| #define HAVE_SYSEXITS_H 1
| #define HAVE_WCTYPE_H 1
| #define STDC_HEADERS 1
| #define _ALL_SOURCE 1
| #define _DARWIN_C_SOURCE 1
| #define _GNU_SOURCE 1
| #define _HPUX_ALT_XOPEN_SOCKET_API 1
| #define _NETBSD_SOURCE 1
| #define _OPENBSD_SOURCE 1
| #define _POSIX_PTHREAD_SEMANTICS 1
| #define __STDC_WANT_IEC_60559_ATTRIBS_EXT__ 1
| #define __STDC_WANT_IEC_60559_BFP_EXT__ 1
| #define __STDC_WANT_IEC_60559_DFP_EXT__ 1
| #define __STDC_WANT_IEC_60559_FUNCS_EXT__ 1
| #define __STDC_WANT_IEC_60559_TYPES_EXT__ 1
| #define __STDC_WANT_LIB_EXT2__ 1
| #define __STDC_WANT_MATH_SPEC_FUNCS__ 1
| #define _TANDEM_SOURCE 1
| #define __EXTENSIONS__ 1
| #define PACKAGE "grub"
| #define VERSION "2.14"
| #define GRUB_BOOT_DIR_NAME "boot"
| #define GRUB_DIR_NAME "grub"
| #define YYTEXT_POINTER 1
| #define ENABLE_NLS 1
| #define HAVE_GETTEXT 1
| #define HAVE_DCGETTEXT 1
| #define SIZEOF_VOID_P 8
| #define SIZEOF_LONG 8
| #define SIZEOF_OFF_T 8
| #define HAVE_POSIX_MEMALIGN 1
| #define HAVE_MEMALIGN 1
| #define HAVE_ATEXIT 1
| #define HAVE_SYS_PARAM_H 1
| #define HAVE_SYS_MOUNT_H 1
| #define HAVE_LIMITS_H 1
| #define MAJOR_IN_SYSMACROS 1
| #define HAVE_ALLOCA_H 1
| #define HAVE_ALLOCA 1
| #define restrict __restrict__
| /* end confdefs.h.  */
| 
| int
| main (void)
| {
| (void) strchr;
|   ;
|   return 0;
| }
configure:14866: gcc -c    -D_FILE_OFFSET_BITS=64 conftest.c >&5
configure:14866: $? = 0
configure:14883: result: none needed
configure:14897: checking whether clearerr_unlocked is declared
configure:14897: gcc -c    -D_FILE_OFFSET_BITS=64 conftest.c >&5
configure:14897: $? = 0
configure:14897: result: yes
configure:14906: checking whether feof_unlocked is declared
configure:14906: gcc -c    -D_FILE_OFFSET_BITS=64 conftest.c >&5
configure:14906: $? = 0
configure:14906: result: yes
configure:14915: checking whether ferror_unlocked is declared
configure:14915: gcc -c    -D_FILE_OFFSET_BITS=64 conftest.c >&5
configure:14915: $? = 0
configure:14915: result: yes
configure:14924: checking whether fflush_unlocked is declared
configure:14924: gcc -c    -D_FILE_OFFSET_BITS=64 conftest.c >&5
configure:14924: $? = 0
configure:14924: result: yes
configure:14933: checking whether fgets_unlocked is declared
configure:14933: gcc -c    -D_FILE_OFFSET_BITS=64 conftest.c >&5
configure:14933: $? = 0
configure:14933: result: yes
configure:14942: checking whether fputc_unlocked is declared
configure:14942: gcc -c    -D_FILE_OFFSET_BITS=64 conftest.c >&5
configure:14942: $? = 0
configure:14942: result: yes
configure:14951: checking whether fputs_unlocked is declared
configure:14951: gcc -c    -D_FILE_OFFSET_BITS=64 conftest.c >&5
configure:14951: $? = 0
configure:14951: result: yes
configure:14960: checking whether fread_unlocked is declared
configure:14960: gcc -c    -D_FILE_OFFSET_BITS=64 conftest.c >&5
configure:14960: $? = 0
configure:14960: result: yes
configure:14969: checking whether fwrite_unlocked is declared
configure:14969: gcc -c    -D_FILE_OFFSET_BITS=64 conftest.c >&5
configure:14969: $? = 0
configure:14969: result: yes
configure:14978: checking whether getc_unlocked is declared
configure:14978: gcc -c    -D_FILE_OFFSET_BITS=64 conftest.c >&5
configure:14978: $? = 0
configure:14978: result: yes
configure:14987: checking whether getchar_unlocked is declared
configure:14987: gcc -c    -D_FILE_OFFSET_BITS=64 conftest.c >&5
configure:14987: $? = 0
configure:14987: result: yes
configure:14996: checking whether putc_unlocked is declared
configure:14996: gcc -c    -D_FILE_OFFSET_BITS=64 conftest.c >&5
configure:14996: $? = 0
configure:14996: result: yes
configure:15005: checking whether putchar_unlocked is declared
configure:15005: gcc -c    -D_FILE_OFFSET_BITS=64 conftest.c >&5
configure:15005: $? = 0
configure:15005: result: yes
configure:15018: checking for flockfile
configure:15018: gcc -o conftest   -D_FILE_OFFSET_BITS=64  conftest.c  >&5
configure:15018: $? = 0
configure:15018: result: yes
configure:15018: checking for funlockfile
configure:15018: gcc -o conftest   -D_FILE_OFFSET_BITS=64  conftest.c  >&5
configure:15018: $? = 0
configure:15018: result: yes
configure:15018: checking for btowc
configure:15018: gcc -o conftest   -D_FILE_OFFSET_BITS=64  conftest.c  >&5
configure:15018: $? = 0
configure:15018: result: yes
configure:15018: checking for _set_invalid_parameter_handler
configure:15018: gcc -o conftest   -D_FILE_OFFSET_BITS=64  conftest.c  >&5
/usr/bin/ld: /tmp/ccRj57fH.o: in function `main':
conftest.c:(.text+0xe): undefined reference to `_set_invalid_parameter_handler'
collect2: error: ld returned 1 exit status
configure:15018: $? = 1
configure: failed program was:
| /* confdefs.h */
| #define PACKAGE_NAME "GRUB"
| #define PACKAGE_TARNAME "grub"
| #define PACKAGE_VERSION "2.14"
| #define PACKAGE_STRING "GRUB 2.14"
| #define PACKAGE_BUGREPORT "bug-grub@gnu.org"
| #define PACKAGE_URL ""
| #define HAVE_STDIO_H 1
| #define HAVE_STDLIB_H 1
| #define HAVE_STRING_H 1
| #define HAVE_INTTYPES_H 1
| #define HAVE_STDINT_H 1
| #define HAVE_STRINGS_H 1
| #define HAVE_SYS_STAT_H 1
| #define HAVE_SYS_TYPES_H 1
| #define HAVE_UNISTD_H 1
| #define HAVE_WCHAR_H 1
| #define HAVE_FEATURES_H 1
| #define HAVE_SYS_PARAM_H 1
| #define HAVE_SYS_SOCKET_H 1
| #define HAVE_DIRENT_H 1
| #define HAVE_FNMATCH_H 1
| #define HAVE_GETOPT_H 1
| #define HAVE_SYS_CDEFS_H 1
| #define HAVE_THREADS_H 1
| #define HAVE_LIMITS_H 1
| #define HAVE_LANGINFO_H 1
| #define HAVE_SYS_MMAN_H 1
| #define HAVE_MALLOC_H 1
| #define HAVE_SYS_TIME_H 1
| #define HAVE_SYSEXITS_H 1
| #define HAVE_WCTYPE_H 1
| #define STDC_HEADERS 1
| #define _ALL_SOURCE 1
| #define _DARWIN_C_SOURCE 1
| #define _GNU_SOURCE 1
| #define _HPUX_ALT_XOPEN_SOCKET_API 1
| #define _NETBSD_SOURCE 1
| #define _OPENBSD_SOURCE 1
| #define _POSIX_PTHREAD_SEMANTICS 1
| #define __STDC_WANT_IEC_60559_ATTRIBS_EXT__ 1
| #define __STDC_WANT_IEC_60559_BFP_EXT__ 1
| #define __STDC_WANT_IEC_60559_DFP_EXT__ 1
| #define __STDC_WANT_IEC_60559_FUNCS_EXT__ 1
| #define __STDC_WANT_IEC_60559_TYPES_EXT__ 1
| #define __STDC_WANT_LIB_EXT2__ 1
| #define __STDC_WANT_MATH_SPEC_FUNCS__ 1
| #define _TANDEM_SOURCE 1
| #define __EXTENSIONS__ 1
| #define PACKAGE "grub"
| #define VERSION "2.14"
| #define GRUB_BOOT_DIR_NAME "boot"
| #define GRUB_DIR_NAME "grub"
| #define YYTEXT_POINTER 1
| #define ENABLE_NLS 1
| #define HAVE_GETTEXT 1
| #define HAVE_DCGETTEXT 1
| #define SIZEOF_VOID_P 8
| #define SIZEOF_LONG 8
| #define SIZEOF_OFF_T 8
| #define HAVE_POSIX_MEMALIGN 1
| #define HAVE_MEMALIGN 1
| #define HAVE_ATEXIT 1
| #define HAVE_SYS_PARAM_H 1
| #define HAVE_SYS_MOUNT_H 1
| #define HAVE_LIMITS_H 1
| #define MAJOR_IN_SYSMACROS 1
| #define HAVE_ALLOCA_H 1
| #define HAVE_ALLOCA 1
| #define restrict __restrict__
| #define HAVE_DECL_CLEARERR_UNLOCKED 1
| #define HAVE_DECL_FEOF_UNLOCKED 1
| #define HAVE_DECL_FERROR_UNLOCKED 1
| #define HAVE_DECL_FFLUSH_UNLOCKED 1
| #define HAVE_DECL_FGETS_UNLOCKED 1
| #define HAVE_DECL_FPUTC_UNLOCKED 1
| #define HAVE_DECL_FPUTS_UNLOCKED 1
| #define HAVE_DECL_FREAD_UNLOCKED 1
| #define HAVE_DECL_FWRITE_UNLOCKED 1
| #define HAVE_DECL_GETC_UNLOCKED 1
| #define HAVE_DECL_GETCHAR_UNLOCKED 1
| #define HAVE_DECL_PUTC_UNLOCKED 1
| #define HAVE_DECL_PUTCHAR_UNLOCKED 1
| #define HAVE_FLOCKFILE 1
| #define HAVE_FUNLOCKFILE 1
| #define HAVE_BTOWC 1
| /* end confdefs.h.  */
| /* Define _set_invalid_parameter_handler to an innocuous variant, in case <limits.h> declares _set_invalid_parameter_handler.
|    For example, HP-UX 11i <limits.h> declares gettimeofday.  */
| #define _set_invalid_parameter_handler innocuous__set_invalid_parameter_handler
| 
| /* System header to define __stub macros and hopefully few prototypes,
|    which can conflict with char _set_invalid_parameter_handler (); below.  */
| 
| #include <limits.h>
| #undef _set_invalid_parameter_handler
| 
| /* Override any GCC internal prototype to avoid an error.
|    Use char because int might match the return type of a GCC
|    builtin and then its argument prototype would still apply.  */
| #ifdef __cplusplus
| extern "C"
| #endif
| char _set_invalid_parameter_handler ();
| /* The GNU C library defines this for functions which it implements
|     to always fail with ENOSYS.  Some functions are actually named
|     something starting with __ and the normal name is an alias.  */
| #if defined __stub__set_invalid_parameter_handler || defined __stub____set_invalid_parameter_handler
| choke me
| #endif
| 
| int
| main (void)
| {
| return _set_invalid_parameter_handler ();
|   ;
|   return 0;
| }
configure:15018: result: no
configure:15018: checking for fchdir
configure:15018: gcc -o conftest   -D_FILE_OFFSET_BITS=64  conftest.c  >&5
configure:15018: $? = 0
configure:15018: result: yes
configure:15018: checking for fcntl
configure:15018: gcc -o conftest   -D_FILE_OFFSET_BITS=64  conftest.c  >&5
configure:15018: $? = 0
configure:15018: result: yes
configure:15018: checking for symlink
configure:15018: gcc -o conftest   -D_FILE_OFFSET_BITS=64  conftest.c  >&5
configure:15018: $? = 0
configure:15018: result: yes
configure:15018: checking for mempcpy
configure:15018: gcc -o conftest   -D_FILE_OFFSET_BITS=64  conftest.c  >&5
conftest.c:107:6: warning: conflicting types for built-in function 'mempcpy'; expected 'void *(void *, const void *, long unsigned int)' [-Wbuiltin-declaration-mismatch]
  107 | char mempcpy ();
      |      ^~~~~~~
configure:15018: $? = 0
configure:15018: result: yes
configure:15018: checking for fnmatch
configure:15018: gcc -o conftest   -D_FILE_OFFSET_BITS=64  conftest.c  >&5
configure:15018: $? = 0
configure:15018: result: yes
configure:15018: checking for mbsrtowcs
configure:15018: gcc -o conftest   -D_FILE_OFFSET_BITS=64  conftest.c  >&5
configure:15018: $? = 0
configure:15018: result: yes
configure:15018: checking for getdelim
configure:15018: gcc -o conftest   -D_FILE_OFFSET_BITS=64  conftest.c  >&5
configure:15018: $? = 0
configure:15018: result: yes
configure:15018: checking for getdtablesize
configure:15018: gcc -o conftest   -D_FILE_OFFSET_BITS=64  conftest.c  >&5
configure:15018: $? = 0
configure:15018: result: yes
configure:15018: checking for getprogname
configure:15018: gcc -o conftest   -D_FILE_OFFSET_BITS=64  conftest.c  >&5
/usr/bin/ld: /tmp/cc13UI6B.o: in function `main':
conftest.c:(.text+0xe): undefined reference to `getprogname'
collect2: error: ld returned 1 exit status
configure:15018: $? = 1
configure: failed program was:
| /* confdefs.h */
| #define PACKAGE_NAME "GRUB"
| #define PACKAGE_TARNAME "grub"
| #define PACKAGE_VERSION "2.14"
| #define PACKAGE_STRING "GRUB 2.14"
| #define PACKAGE_BUGREPORT "bug-grub@gnu.org"
| #define PACKAGE_URL ""
| #define HAVE_STDIO_H 1
| #define HAVE_STDLIB_H 1
| #define HAVE_STRING_H 1
| #define HAVE_INTTYPES_H 1
| #define HAVE_STDINT_H 1
| #define HAVE_STRINGS_H 1
| #define HAVE_SYS_STAT_H 1
| #define HAVE_SYS_TYPES_H 1
| #define HAVE_UNISTD_H 1
| #define HAVE_WCHAR_H 1
| #define HAVE_FEATURES_H 1
| #define HAVE_SYS_PARAM_H 1
| #define HAVE_SYS_SOCKET_H 1
| #define HAVE_DIRENT_H 1
| #define HAVE_FNMATCH_H 1
| #define HAVE_GETOPT_H 1
| #define HAVE_SYS_CDEFS_H 1
| #define HAVE_THREADS_H 1
| #define HAVE_LIMITS_H 1
| #define HAVE_LANGINFO_H 1
| #define HAVE_SYS_MMAN_H 1
| #define HAVE_MALLOC_H 1
| #define HAVE_SYS_TIME_H 1
| #define HAVE_SYSEXITS_H 1
| #define HAVE_WCTYPE_H 1
| #define STDC_HEADERS 1
| #define _ALL_SOURCE 1
| #define _DARWIN_C_SOURCE 1
| #define _GNU_SOURCE 1
| #define _HPUX_ALT_XOPEN_SOCKET_API 1
| #define _NETBSD_SOURCE 1
| #define _OPENBSD_SOURCE 1
| #define _POSIX_PTHREAD_SEMANTICS 1
| #define __STDC_WANT_IEC_60559_ATTRIBS_EXT__ 1
| #define __STDC_WANT_IEC_60559_BFP_EXT__ 1
| #define __STDC_WANT_IEC_60559_DFP_EXT__ 1
| #define __STDC_WANT_IEC_60559_FUNCS_EXT__ 1
| #define __STDC_WANT_IEC_60559_TYPES_EXT__ 1
| #define __STDC_WANT_LIB_EXT2__ 1
| #define __STDC_WANT_MATH_SPEC_FUNCS__ 1
| #define _TANDEM_SOURCE 1
| #define __EXTENSIONS__ 1
| #define PACKAGE "grub"
| #define VERSION "2.14"
| #define GRUB_BOOT_DIR_NAME "boot"
| #define GRUB_DIR_NAME "grub"
| #define YYTEXT_POINTER 1
| #define ENABLE_NLS 1
| #define HAVE_GETTEXT 1
| #define HAVE_DCGETTEXT 1
| #define SIZEOF_VOID_P 8
| #define SIZEOF_LONG 8
| #define SIZEOF_OFF_T 8
| #define HAVE_POSIX_MEMALIGN 1
| #define HAVE_MEMALIGN 1
| #define HAVE_ATEXIT 1
| #define HAVE_SYS_PARAM_H 1
| #define HAVE_SYS_MOUNT_H 1
| #define HAVE_LIMITS_H 1
| #define MAJOR_IN_SYSMACROS 1
| #define HAVE_ALLOCA_H 1
| #define HAVE_ALLOCA 1
| #define restrict __restrict__
| #define HAVE_DECL_CLEARERR_UNLOCKED 1
| #define HAVE_DECL_FEOF_UNLOCKED 1
| #define HAVE_DECL_FERROR_UNLOCKED 1
| #define HAVE_DECL_FFLUSH_UNLOCKED 1
| #define HAVE_DECL_FGETS_UNLOCKED 1
| #define HAVE_DECL_FPUTC_UNLOCKED 1
| #define HAVE_DECL_FPUTS_UNLOCKED 1
| #define HAVE_DECL_FREAD_UNLOCKED 1
| #define HAVE_DECL_FWRITE_UNLOCKED 1
| #define HAVE_DECL_GETC_UNLOCKED 1
| #define HAVE_DECL_GETCHAR_UNLOCKED 1
| #define HAVE_DECL_PUTC_UNLOCKED 1
| #define HAVE_DECL_PUTCHAR_UNLOCKED 1
| #define HAVE_FLOCKFILE 1
| #define HAVE_FUNLOCKFILE 1
| #define HAVE_BTOWC 1
| #define HAVE_FCHDIR 1
| #define HAVE_FCNTL 1
| #define HAVE_SYMLINK 1
| #define HAVE_MEMPCPY 1
| #define HAVE_FNMATCH 1
| #define HAVE_MBSRTOWCS 1
| #define HAVE_GETDELIM 1
| #define HAVE_GETDTABLESIZE 1
| /* end confdefs.h.  */
| /* Define getprogname to an innocuous variant, in case <limits.h> declares getprogname.
|    For example, HP-UX 11i <limits.h> declares gettimeofday.  */
| #define getprogname innocuous_getprogname
| 
| /* System header to define __stub macros and hopefully few prototypes,
|    which can conflict with char getprogname (); below.  */
| 
| #include <limits.h>
| #undef getprogname
| 
| /* Override any GCC internal prototype to avoid an error.
|    Use char because int might match the return type of a GCC
|    builtin and then its argument prototype would still apply.  */
| #ifdef __cplusplus
| extern "C"
| #endif
| char getprogname ();
| /* The GNU C library defines this for functions which it implements
|     to always fail with ENOSYS.  Some functions are actually named
|     something starting with __ and the normal name is an alias.  */
| #if defined __stub_getprogname || defined __stub___getprogname
| choke me
| #endif
| 
| int
| main (void)
| {
| return getprogname ();
|   ;
|   return 0;
| }
configure:15018: result: no
configure:15018: checking for getexecname
configure:15018: gcc -o conftest   -D_FILE_OFFSET_BITS=64  conftest.c  >&5
/usr/bin/ld: /tmp/ccEQleQM.o: in function `main':
conftest.c:(.text+0xe): undefined reference to `getexecname'
collect2: error: ld returned 1 exit status
configure:15018: $? = 1
configure: failed program was:
| /* confdefs.h */
| #define PACKAGE_NAME "GRUB"
| #define PACKAGE_TARNAME "grub"
| #define PACKAGE_VERSION "2.14"
| #define PACKAGE_STRING "GRUB 2.14"
| #define PACKAGE_BUGREPORT "bug-grub@gnu.org"
| #define PACKAGE_URL ""
| #define HAVE_STDIO_H 1
| #define HAVE_STDLIB_H 1
| #define HAVE_STRING_H 1
| #define HAVE_INTTYPES_H 1
| #define HAVE_STDINT_H 1
| #define HAVE_STRINGS_H 1
| #define HAVE_SYS_STAT_H 1
| #define HAVE_SYS_TYPES_H 1
| #define HAVE_UNISTD_H 1
| #define HAVE_WCHAR_H 1
| #define HAVE_FEATURES_H 1
| #define HAVE_SYS_PARAM_H 1
| #define HAVE_SYS_SOCKET_H 1
| #define HAVE_DIRENT_H 1
| #define HAVE_FNMATCH_H 1
| #define HAVE_GETOPT_H 1
| #define HAVE_SYS_CDEFS_H 1
| #define HAVE_THREADS_H 1
| #define HAVE_LIMITS_H 1
| #define HAVE_LANGINFO_H 1
| #define HAVE_SYS_MMAN_H 1
| #define HAVE_MALLOC_H 1
| #define HAVE_SYS_TIME_H 1
| #define HAVE_SYSEXITS_H 1
| #define HAVE_WCTYPE_H 1
| #define STDC_HEADERS 1
| #define _ALL_SOURCE 1
| #define _DARWIN_C_SOURCE 1
| #define _GNU_SOURCE 1
| #define _HPUX_ALT_XOPEN_SOCKET_API 1
| #define _NETBSD_SOURCE 1
| #define _OPENBSD_SOURCE 1
| #define _POSIX_PTHREAD_SEMANTICS 1
| #define __STDC_WANT_IEC_60559_ATTRIBS_EXT__ 1
| #define __STDC_WANT_IEC_60559_BFP_EXT__ 1
| #define __STDC_WANT_IEC_60559_DFP_EXT__ 1
| #define __STDC_WANT_IEC_60559_FUNCS_EXT__ 1
| #define __STDC_WANT_IEC_60559_TYPES_EXT__ 1
| #define __STDC_WANT_LIB_EXT2__ 1
| #define __STDC_WANT_MATH_SPEC_FUNCS__ 1
| #define _TANDEM_SOURCE 1
| #define __EXTENSIONS__ 1
| #define PACKAGE "grub"
| #define VERSION "2.14"
| #define GRUB_BOOT_DIR_NAME "boot"
| #define GRUB_DIR_NAME "grub"
| #define YYTEXT_POINTER 1
| #define ENABLE_NLS 1
| #define HAVE_GETTEXT 1
| #define HAVE_DCGETTEXT 1
| #define SIZEOF_VOID_P 8
| #define SIZEOF_LONG 8
| #define SIZEOF_OFF_T 8
| #define HAVE_POSIX_MEMALIGN 1
| #define HAVE_MEMALIGN 1
| #define HAVE_ATEXIT 1
| #define HAVE_SYS_PARAM_H 1
| #define HAVE_SYS_MOUNT_H 1
| #define HAVE_LIMITS_H 1
| #define MAJOR_IN_SYSMACROS 1
| #define HAVE_ALLOCA_H 1
| #define HAVE_ALLOCA 1
| #define restrict __restrict__
| #define HAVE_DECL_CLEARERR_UNLOCKED 1
| #define HAVE_DECL_FEOF_UNLOCKED 1
| #define HAVE_DECL_FERROR_UNLOCKED 1
| #define HAVE_DECL_FFLUSH_UNLOCKED 1
| #define HAVE_DECL_FGETS_UNLOCKED 1
| #define HAVE_DECL_FPUTC_UNLOCKED 1
| #define HAVE_DECL_FPUTS_UNLOCKED 1
| #define HAVE_DECL_FREAD_UNLOCKED 1
| #define HAVE_DECL_FWRITE_UNLOCKED 1
| #define HAVE_DECL_GETC_UNLOCKED 1
| #define HAVE_DECL_GETCHAR_UNLOCKED 1
| #define HAVE_DECL_PUTC_UNLOCKED 1
| #define HAVE_DECL_PUTCHAR_UNLOCKED 1
| #define HAVE_FLOCKFILE 1
| #define HAVE_FUNLOCKFILE 1
| #define HAVE_BTOWC 1
| #define HAVE_FCHDIR 1
| #define HAVE_FCNTL 1
| #define HAVE_SYMLINK 1
| #define HAVE_MEMPCPY 1
| #define HAVE_FNMATCH 1
| #define HAVE_MBSRTOWCS 1
| #define HAVE_GETDELIM 1
| #define HAVE_GETDTABLESIZE 1
| /* end confdefs.h.  */
| /* Define getexecname to an innocuous variant, in case <limits.h> declares getexecname.
|    For example, HP-UX 11i <limits.h> declares gettimeofday.  */
| #define getexecname innocuous_getexecname
| 
| /* System header to define __stub macros and hopefully few prototypes,
|    which can conflict with char getexecname (); below.  */
| 
| #include <limits.h>
| #undef getexecname
| 
| /* Override any GCC internal prototype to avoid an error.
|    Use char because int might match the return type of a GCC
|    builtin and then its argument prototype would still apply.  */
| #ifdef __cplusplus
| extern "C"
| #endif
| char getexecname ();
| /* The GNU C library defines this for functions which it implements
|     to always fail with ENOSYS.  Some functions are actually named
|     something starting with __ and the normal name is an alias.  */
| #if defined __stub_getexecname || defined __stub___getexecname
| choke me
| #endif
| 
| int
| main (void)
| {
| return getexecname ();
|   ;
|   return 0;
| }
configure:15018: result: no
configure:15018: checking for isblank
configure:15018: gcc -o conftest   -D_FILE_OFFSET_BITS=64  conftest.c  >&5
conftest.c:112:6: warning: conflicting types for built-in function 'isblank'; expected 'int(int)' [-Wbuiltin-declaration-mismatch]
  112 | char isblank ();
      |      ^~~~~~~
conftest.c:104:1: note: 'isblank' is declared in header '<ctype.h>'
  103 | #include <limits.h>
  104 | #undef isblank
configure:15018: $? = 0
configure:15018: result: yes
configure:15018: checking for mbsinit
configure:15018: gcc -o conftest   -D_FILE_OFFSET_BITS=64  conftest.c  >&5
configure:15018: $? = 0
configure:15018: result: yes
configure:15018: checking for mbrtowc
configure:15018: gcc -o conftest   -D_FILE_OFFSET_BITS=64  conftest.c  >&5
configure:15018: $? = 0
configure:15018: result: yes
configure:15018: checking for isascii
configure:15018: gcc -o conftest   -D_FILE_OFFSET_BITS=64  conftest.c  >&5
conftest.c:115:6: warning: conflicting types for built-in function 'isascii'; expected 'int(int)' [-Wbuiltin-declaration-mismatch]
  115 | char isascii ();
      |      ^~~~~~~
configure:15018: $? = 0
configure:15018: result: yes
configure:15018: checking for mprotect
configure:15018: gcc -o conftest   -D_FILE_OFFSET_BITS=64  conftest.c  >&5
configure:15018: $? = 0
configure:15018: result: yes
configure:15018: checking for nl_langinfo
configure:15018: gcc -o conftest   -D_FILE_OFFSET_BITS=64  conftest.c  >&5
configure:15018: $? = 0
configure:15018: result: yes
configure:15018: checking for lstat
configure:15018: gcc -o conftest   -D_FILE_OFFSET_BITS=64  conftest.c  >&5
configure:15018: $? = 0
configure:15018: result: yes
configure:15018: checking for openat
configure:15018: gcc -o conftest   -D_FILE_OFFSET_BITS=64  conftest.c  >&5
configure:15018: $? = 0
configure:15018: result: yes
configure:15018: checking for pipe
configure:15018: gcc -o conftest   -D_FILE_OFFSET_BITS=64  conftest.c  >&5
configure:15018: $? = 0
configure:15018: result: yes
configure:15018: checking for iswctype
configure:15018: gcc -o conftest   -D_FILE_OFFSET_BITS=64  conftest.c  >&5
configure:15018: $? = 0
configure:15018: result: yes
configure:15018: checking for sleep
configure:15018: gcc -o conftest   -D_FILE_OFFSET_BITS=64  conftest.c  >&5
configure:15018: $? = 0
configure:15018: result: yes
configure:15018: checking for strndup
configure:15018: gcc -o conftest   -D_FILE_OFFSET_BITS=64  conftest.c  >&5
conftest.c:123:6: warning: conflicting types for built-in function 'strndup'; expected 'char *(const char *, long unsigned int)' [-Wbuiltin-declaration-mismatch]
  123 | char strndup ();
      |      ^~~~~~~
configure:15018: $? = 0
configure:15018: result: yes
configure:15018: checking for vasnprintf
configure:15018: gcc -o conftest   -D_FILE_OFFSET_BITS=64  conftest.c  >&5
/usr/bin/ld: /tmp/ccx0lZAg.o: in function `main':
conftest.c:(.text+0xe): undefined reference to `vasnprintf'
collect2: error: ld returned 1 exit status
configure:15018: $? = 1
configure: failed program was:
| /* confdefs.h */
| #define PACKAGE_NAME "GRUB"
| #define PACKAGE_TARNAME "grub"
| #define PACKAGE_VERSION "2.14"
| #define PACKAGE_STRING "GRUB 2.14"
| #define PACKAGE_BUGREPORT "bug-grub@gnu.org"
| #define PACKAGE_URL ""
| #define HAVE_STDIO_H 1
| #define HAVE_STDLIB_H 1
| #define HAVE_STRING_H 1
| #define HAVE_INTTYPES_H 1
| #define HAVE_STDINT_H 1
| #define HAVE_STRINGS_H 1
| #define HAVE_SYS_STAT_H 1
| #define HAVE_SYS_TYPES_H 1
| #define HAVE_UNISTD_H 1
| #define HAVE_WCHAR_H 1
| #define HAVE_FEATURES_H 1
| #define HAVE_SYS_PARAM_H 1
| #define HAVE_SYS_SOCKET_H 1
| #define HAVE_DIRENT_H 1
| #define HAVE_FNMATCH_H 1
| #define HAVE_GETOPT_H 1
| #define HAVE_SYS_CDEFS_H 1
| #define HAVE_THREADS_H 1
| #define HAVE_LIMITS_H 1
| #define HAVE_LANGINFO_H 1
| #define HAVE_SYS_MMAN_H 1
| #define HAVE_MALLOC_H 1
| #define HAVE_SYS_TIME_H 1
| #define HAVE_SYSEXITS_H 1
| #define HAVE_WCTYPE_H 1
| #define STDC_HEADERS 1
| #define _ALL_SOURCE 1
| #define _DARWIN_C_SOURCE 1
| #define _GNU_SOURCE 1
| #define _HPUX_ALT_XOPEN_SOCKET_API 1
| #define _NETBSD_SOURCE 1
| #define _OPENBSD_SOURCE 1
| #define _POSIX_PTHREAD_SEMANTICS 1
| #define __STDC_WANT_IEC_60559_ATTRIBS_EXT__ 1
| #define __STDC_WANT_IEC_60559_BFP_EXT__ 1
| #define __STDC_WANT_IEC_60559_DFP_EXT__ 1
| #define __STDC_WANT_IEC_60559_FUNCS_EXT__ 1
| #define __STDC_WANT_IEC_60559_TYPES_EXT__ 1
| #define __STDC_WANT_LIB_EXT2__ 1
| #define __STDC_WANT_MATH_SPEC_FUNCS__ 1
| #define _TANDEM_SOURCE 1
| #define __EXTENSIONS__ 1
| #define PACKAGE "grub"
| #define VERSION "2.14"
| #define GRUB_BOOT_DIR_NAME "boot"
| #define GRUB_DIR_NAME "grub"
| #define YYTEXT_POINTER 1
| #define ENABLE_NLS 1
| #define HAVE_GETTEXT 1
| #define HAVE_DCGETTEXT 1
| #define SIZEOF_VOID_P 8
| #define SIZEOF_LONG 8
| #define SIZEOF_OFF_T 8
| #define HAVE_POSIX_MEMALIGN 1
| #define HAVE_MEMALIGN 1
| #define HAVE_ATEXIT 1
| #define HAVE_SYS_PARAM_H 1
| #define HAVE_SYS_MOUNT_H 1
| #define HAVE_LIMITS_H 1
| #define MAJOR_IN_SYSMACROS 1
| #define HAVE_ALLOCA_H 1
| #define HAVE_ALLOCA 1
| #define restrict __restrict__
| #define HAVE_DECL_CLEARERR_UNLOCKED 1
| #define HAVE_DECL_FEOF_UNLOCKED 1
| #define HAVE_DECL_FERROR_UNLOCKED 1
| #define HAVE_DECL_FFLUSH_UNLOCKED 1
| #define HAVE_DECL_FGETS_UNLOCKED 1
| #define HAVE_DECL_FPUTC_UNLOCKED 1
| #define HAVE_DECL_FPUTS_UNLOCKED 1
| #define HAVE_DECL_FREAD_UNLOCKED 1
| #define HAVE_DECL_FWRITE_UNLOCKED 1
| #define HAVE_DECL_GETC_UNLOCKED 1
| #define HAVE_DECL_GETCHAR_UNLOCKED 1
| #define HAVE_DECL_PUTC_UNLOCKED 1
| #define HAVE_DECL_PUTCHAR_UNLOCKED 1
| #define HAVE_FLOCKFILE 1
| #define HAVE_FUNLOCKFILE 1
| #define HAVE_BTOWC 1
| #define HAVE_FCHDIR 1
| #define HAVE_FCNTL 1
| #define HAVE_SYMLINK 1
| #define HAVE_MEMPCPY 1
| #define HAVE_FNMATCH 1
| #define HAVE_MBSRTOWCS 1
| #define HAVE_GETDELIM 1
| #define HAVE_GETDTABLESIZE 1
| #define HAVE_ISBLANK 1
| #define HAVE_MBSINIT 1
| #define HAVE_MBRTOWC 1
| #define HAVE_ISASCII 1
| #define HAVE_MPROTECT 1
| #define HAVE_NL_LANGINFO 1
| #define HAVE_LSTAT 1
| #define HAVE_OPENAT 1
| #define HAVE_PIPE 1
| #define HAVE_ISWCTYPE 1
| #define HAVE_SLEEP 1
| #define HAVE_STRNDUP 1
| /* end confdefs.h.  */
| /* Define vasnprintf to an innocuous variant, in case <limits.h> declares vasnprintf.
|    For example, HP-UX 11i <limits.h> declares gettimeofday.  */
| #define vasnprintf innocuous_vasnprintf
| 
| /* System header to define __stub macros and hopefully few prototypes,
|    which can conflict with char vasnprintf (); below.  */
| 
| #include <limits.h>
| #undef vasnprintf
| 
| /* Override any GCC internal prototype to avoid an error.
|    Use char because int might match the return type of a GCC
|    builtin and then its argument prototype would still apply.  */
| #ifdef __cplusplus
| extern "C"
| #endif
| char vasnprintf ();
| /* The GNU C library defines this for functions which it implements
|     to always fail with ENOSYS.  Some functions are actually named
|     something starting with __ and the normal name is an alias.  */
| #if defined __stub_vasnprintf || defined __stub___vasnprintf
| choke me
| #endif
| 
| int
| main (void)
| {
| return vasnprintf ();
|   ;
|   return 0;
| }
configure:15018: result: no
configure:15018: checking for snprintf
configure:15018: gcc -o conftest   -D_FILE_OFFSET_BITS=64  conftest.c  >&5
conftest.c:124:6: warning: conflicting types for built-in function 'snprintf'; expected 'int(char *, long unsigned int,  const char *, ...)' [-Wbuiltin-declaration-mismatch]
  124 | char snprintf ();
      |      ^~~~~~~~
conftest.c:116:1: note: 'snprintf' is declared in header '<stdio.h>'
  115 | #include <limits.h>
  116 | #undef snprintf
configure:15018: $? = 0
configure:15018: result: yes
configure:15018: checking for wcrtomb
configure:15018: gcc -o conftest   -D_FILE_OFFSET_BITS=64  conftest.c  >&5
configure:15018: $? = 0
configure:15018: result: yes
configure:15018: checking for iswcntrl
configure:15018: gcc -o conftest   -D_FILE_OFFSET_BITS=64  conftest.c  >&5
conftest.c:126:6: warning: conflicting types for built-in function 'iswcntrl'; expected 'int(unsigned int)' [-Wbuiltin-declaration-mismatch]
  126 | char iswcntrl ();
      |      ^~~~~~~~
conftest.c:118:1: note: 'iswcntrl' is declared in header '<wctype.h>'
  117 | #include <limits.h>
  118 | #undef iswcntrl
configure:15018: $? = 0
configure:15018: result: yes
configure:15018: checking for wcwidth
configure:15018: gcc -o conftest   -D_FILE_OFFSET_BITS=64  conftest.c  >&5
configure:15018: $? = 0
configure:15018: result: yes
configure:15018: checking for wmempcpy
configure:15018: gcc -o conftest   -D_FILE_OFFSET_BITS=64  conftest.c  >&5
configure:15018: $? = 0
configure:15018: result: yes
configure:15030: checking whether strerror_r is declared
configure:15030: gcc -c    -D_FILE_OFFSET_BITS=64 conftest.c >&5
configure:15030: $? = 0
configure:15030: result: yes
configure:15049: checking whether strerror_r returns char *
configure:15074: gcc -c   -D_FILE_OFFSET_BITS=64 conftest.c >&5
configure:15074: $? = 0
configure:15083: result: yes
configure:15155: checking whether <wchar.h> uses 'inline' correctly
configure:15177: gcc -c   -D_FILE_OFFSET_BITS=64 conftest1.c >&5
configure:15180: $? = 0
configure:15193: gcc -c   -D_FILE_OFFSET_BITS=64 conftest2.c >&5
configure:15196: $? = 0
configure:15211: result: yes
configure:15227: checking for nl_langinfo and CODESET
configure:15244: gcc -o conftest   -D_FILE_OFFSET_BITS=64  conftest.c  >&5
configure:15244: $? = 0
configure:15254: result: yes
configure:15265: checking for a traditional french locale
configure:15341: gcc -o conftest   -D_FILE_OFFSET_BITS=64  conftest.c  >&5
configure:15344: $? = 0
configure:15400: result: none
configure:15847: checking whether malloc is ptrdiff_t safe
configure:15884: gcc -c   -D_FILE_OFFSET_BITS=64 conftest.c >&5
configure:15884: $? = 0
configure:15893: result: yes
configure:15903: checking whether malloc, realloc, calloc set errno on failure
configure:15921: result: yes
configure:16403: checking whether the preprocessor supports include_next
configure:16442: gcc -c   -D_FILE_OFFSET_BITS=64 -Iconftestd1b -Iconftestd2 conftest.c >&5
configure:16442: $? = 0
configure:16465: result: yes
configure:16487: checking whether source code line length is unlimited
configure:16512: result: yes
configure:16811: checking for complete errno.h
configure:16886: result: yes
configure:17192: checking whether ctype.h defines __header_inline
configure:17206: gcc -E  -D_FILE_OFFSET_BITS=64 conftest.c
conftest.c:120:28: error: #error "<ctype.h> does not define __header_inline"
  120 |                           #error "<ctype.h> does not define __header_inline"
      |                            ^~~~~
configure:17206: $? = 1
configure: failed program was:
| /* confdefs.h */
| #define PACKAGE_NAME "GRUB"
| #define PACKAGE_TARNAME "grub"
| #define PACKAGE_VERSION "2.14"
| #define PACKAGE_STRING "GRUB 2.14"
| #define PACKAGE_BUGREPORT "bug-grub@gnu.org"
| #define PACKAGE_URL ""
| #define HAVE_STDIO_H 1
| #define HAVE_STDLIB_H 1
| #define HAVE_STRING_H 1
| #define HAVE_INTTYPES_H 1
| #define HAVE_STDINT_H 1
| #define HAVE_STRINGS_H 1
| #define HAVE_SYS_STAT_H 1
| #define HAVE_SYS_TYPES_H 1
| #define HAVE_UNISTD_H 1
| #define HAVE_WCHAR_H 1
| #define HAVE_FEATURES_H 1
| #define HAVE_SYS_PARAM_H 1
| #define HAVE_SYS_SOCKET_H 1
| #define HAVE_DIRENT_H 1
| #define HAVE_FNMATCH_H 1
| #define HAVE_GETOPT_H 1
| #define HAVE_SYS_CDEFS_H 1
| #define HAVE_THREADS_H 1
| #define HAVE_LIMITS_H 1
| #define HAVE_LANGINFO_H 1
| #define HAVE_SYS_MMAN_H 1
| #define HAVE_MALLOC_H 1
| #define HAVE_SYS_TIME_H 1
| #define HAVE_SYSEXITS_H 1
| #define HAVE_WCTYPE_H 1
| #define STDC_HEADERS 1
| #define _ALL_SOURCE 1
| #define _DARWIN_C_SOURCE 1
| #define _GNU_SOURCE 1
| #define _HPUX_ALT_XOPEN_SOCKET_API 1
| #define _NETBSD_SOURCE 1
| #define _OPENBSD_SOURCE 1
| #define _POSIX_PTHREAD_SEMANTICS 1
| #define __STDC_WANT_IEC_60559_ATTRIBS_EXT__ 1
| #define __STDC_WANT_IEC_60559_BFP_EXT__ 1
| #define __STDC_WANT_IEC_60559_DFP_EXT__ 1
| #define __STDC_WANT_IEC_60559_FUNCS_EXT__ 1
| #define __STDC_WANT_IEC_60559_TYPES_EXT__ 1
| #define __STDC_WANT_LIB_EXT2__ 1
| #define __STDC_WANT_MATH_SPEC_FUNCS__ 1
| #define _TANDEM_SOURCE 1
| #define __EXTENSIONS__ 1
| #define PACKAGE "grub"
| #define VERSION "2.14"
| #define GRUB_BOOT_DIR_NAME "boot"
| #define GRUB_DIR_NAME "grub"
| #define YYTEXT_POINTER 1
| #define ENABLE_NLS 1
| #define HAVE_GETTEXT 1
| #define HAVE_DCGETTEXT 1
| #define SIZEOF_VOID_P 8
| #define SIZEOF_LONG 8
| #define SIZEOF_OFF_T 8
| #define HAVE_POSIX_MEMALIGN 1
| #define HAVE_MEMALIGN 1
| #define HAVE_ATEXIT 1
| #define HAVE_SYS_PARAM_H 1
| #define HAVE_SYS_MOUNT_H 1
| #define HAVE_LIMITS_H 1
| #define MAJOR_IN_SYSMACROS 1
| #define HAVE_ALLOCA_H 1
| #define HAVE_ALLOCA 1
| #define restrict __restrict__
| #define HAVE_DECL_CLEARERR_UNLOCKED 1
| #define HAVE_DECL_FEOF_UNLOCKED 1
| #define HAVE_DECL_FERROR_UNLOCKED 1
| #define HAVE_DECL_FFLUSH_UNLOCKED 1
| #define HAVE_DECL_FGETS_UNLOCKED 1
| #define HAVE_DECL_FPUTC_UNLOCKED 1
| #define HAVE_DECL_FPUTS_UNLOCKED 1
| #define HAVE_DECL_FREAD_UNLOCKED 1
| #define HAVE_DECL_FWRITE_UNLOCKED 1
| #define HAVE_DECL_GETC_UNLOCKED 1
| #define HAVE_DECL_GETCHAR_UNLOCKED 1
| #define HAVE_DECL_PUTC_UNLOCKED 1
| #define HAVE_DECL_PUTCHAR_UNLOCKED 1
| #define HAVE_FLOCKFILE 1
| #define HAVE_FUNLOCKFILE 1
| #define HAVE_BTOWC 1
| #define HAVE_FCHDIR 1
| #define HAVE_FCNTL 1
| #define HAVE_SYMLINK 1
| #define HAVE_MEMPCPY 1
| #define HAVE_FNMATCH 1
| #define HAVE_MBSRTOWCS 1
| #define HAVE_GETDELIM 1
| #define HAVE_GETDTABLESIZE 1
| #define HAVE_ISBLANK 1
| #define HAVE_MBSINIT 1
| #define HAVE_MBRTOWC 1
| #define HAVE_ISASCII 1
| #define HAVE_MPROTECT 1
| #define HAVE_NL_LANGINFO 1
| #define HAVE_LSTAT 1
| #define HAVE_OPENAT 1
| #define HAVE_PIPE 1
| #define HAVE_ISWCTYPE 1
| #define HAVE_SLEEP 1
| #define HAVE_STRNDUP 1
| #define HAVE_SNPRINTF 1
| #define HAVE_WCRTOMB 1
| #define HAVE_ISWCNTRL 1
| #define HAVE_WCWIDTH 1
| #define HAVE_WMEMPCPY 1
| #define HAVE_DECL_STRERROR_R 1
| #define HAVE_STRERROR_R 1
| #define STRERROR_R_CHAR_P 1
| #define HAVE_LANGINFO_CODESET 1
| #define HAVE_MALLOC_POSIX 1
| /* end confdefs.h.  */
| #include <ctype.h>
|                          #ifndef __header_inline
|                           #error "<ctype.h> does not define __header_inline"
|                          #endif
| 
configure:17214: result: no
configure:17224: checking whether fchdir is declared
configure:17224: gcc -c    -D_FILE_OFFSET_BITS=64 conftest.c >&5
configure:17224: $? = 0
configure:17224: result: yes
configure:17278: checking for working fcntl.h
configure:17392: gcc -o conftest   -D_FILE_OFFSET_BITS=64  conftest.c  >&5
configure:17392: $? = 0
configure:17392: ./conftest
configure:17392: $? = 0
configure:17409: result: yes
configure:17429: checking for pid_t
configure:17429: gcc -c   -D_FILE_OFFSET_BITS=64 conftest.c >&5
configure:17429: $? = 0
configure:17429: gcc -c   -D_FILE_OFFSET_BITS=64 conftest.c >&5
conftest.c: In function 'main':
conftest.c:153:20: error: expected expression before ')' token
  153 | if (sizeof ((pid_t)))
      |                    ^
configure:17429: $? = 1
configure: failed program was:
| /* confdefs.h */
| #define PACKAGE_NAME "GRUB"
| #define PACKAGE_TARNAME "grub"
| #define PACKAGE_VERSION "2.14"
| #define PACKAGE_STRING "GRUB 2.14"
| #define PACKAGE_BUGREPORT "bug-grub@gnu.org"
| #define PACKAGE_URL ""
| #define HAVE_STDIO_H 1
| #define HAVE_STDLIB_H 1
| #define HAVE_STRING_H 1
| #define HAVE_INTTYPES_H 1
| #define HAVE_STDINT_H 1
| #define HAVE_STRINGS_H 1
| #define HAVE_SYS_STAT_H 1
| #define HAVE_SYS_TYPES_H 1
| #define HAVE_UNISTD_H 1
| #define HAVE_WCHAR_H 1
| #define HAVE_FEATURES_H 1
| #define HAVE_SYS_PARAM_H 1
| #define HAVE_SYS_SOCKET_H 1
| #define HAVE_DIRENT_H 1
| #define HAVE_FNMATCH_H 1
| #define HAVE_GETOPT_H 1
| #define HAVE_SYS_CDEFS_H 1
| #define HAVE_THREADS_H 1
| #define HAVE_LIMITS_H 1
| #define HAVE_LANGINFO_H 1
| #define HAVE_SYS_MMAN_H 1
| #define HAVE_MALLOC_H 1
| #define HAVE_SYS_TIME_H 1
| #define HAVE_SYSEXITS_H 1
| #define HAVE_WCTYPE_H 1
| #define STDC_HEADERS 1
| #define _ALL_SOURCE 1
| #define _DARWIN_C_SOURCE 1
| #define _GNU_SOURCE 1
| #define _HPUX_ALT_XOPEN_SOCKET_API 1
| #define _NETBSD_SOURCE 1
| #define _OPENBSD_SOURCE 1
| #define _POSIX_PTHREAD_SEMANTICS 1
| #define __STDC_WANT_IEC_60559_ATTRIBS_EXT__ 1
| #define __STDC_WANT_IEC_60559_BFP_EXT__ 1
| #define __STDC_WANT_IEC_60559_DFP_EXT__ 1
| #define __STDC_WANT_IEC_60559_FUNCS_EXT__ 1
| #define __STDC_WANT_IEC_60559_TYPES_EXT__ 1
| #define __STDC_WANT_LIB_EXT2__ 1
| #define __STDC_WANT_MATH_SPEC_FUNCS__ 1
| #define _TANDEM_SOURCE 1
| #define __EXTENSIONS__ 1
| #define PACKAGE "grub"
| #define VERSION "2.14"
| #define GRUB_BOOT_DIR_NAME "boot"
| #define GRUB_DIR_NAME "grub"
| #define YYTEXT_POINTER 1
| #define ENABLE_NLS 1
| #define HAVE_GETTEXT 1
| #define HAVE_DCGETTEXT 1
| #define SIZEOF_VOID_P 8
| #define SIZEOF_LONG 8
| #define SIZEOF_OFF_T 8
| #define HAVE_POSIX_MEMALIGN 1
| #define HAVE_MEMALIGN 1
| #define HAVE_ATEXIT 1
| #define HAVE_SYS_PARAM_H 1
| #define HAVE_SYS_MOUNT_H 1
| #define HAVE_LIMITS_H 1
| #define MAJOR_IN_SYSMACROS 1
| #define HAVE_ALLOCA_H 1
| #define HAVE_ALLOCA 1
| #define restrict __restrict__
| #define HAVE_DECL_CLEARERR_UNLOCKED 1
| #define HAVE_DECL_FEOF_UNLOCKED 1
| #define HAVE_DECL_FERROR_UNLOCKED 1
| #define HAVE_DECL_FFLUSH_UNLOCKED 1
| #define HAVE_DECL_FGETS_UNLOCKED 1
| #define HAVE_DECL_FPUTC_UNLOCKED 1
| #define HAVE_DECL_FPUTS_UNLOCKED 1
| #define HAVE_DECL_FREAD_UNLOCKED 1
| #define HAVE_DECL_FWRITE_UNLOCKED 1
| #define HAVE_DECL_GETC_UNLOCKED 1
| #define HAVE_DECL_GETCHAR_UNLOCKED 1
| #define HAVE_DECL_PUTC_UNLOCKED 1
| #define HAVE_DECL_PUTCHAR_UNLOCKED 1
| #define HAVE_FLOCKFILE 1
| #define HAVE_FUNLOCKFILE 1
| #define HAVE_BTOWC 1
| #define HAVE_FCHDIR 1
| #define HAVE_FCNTL 1
| #define HAVE_SYMLINK 1
| #define HAVE_MEMPCPY 1
| #define HAVE_FNMATCH 1
| #define HAVE_MBSRTOWCS 1
| #define HAVE_GETDELIM 1
| #define HAVE_GETDTABLESIZE 1
| #define HAVE_ISBLANK 1
| #define HAVE_MBSINIT 1
| #define HAVE_MBRTOWC 1
| #define HAVE_ISASCII 1
| #define HAVE_MPROTECT 1
| #define HAVE_NL_LANGINFO 1
| #define HAVE_LSTAT 1
| #define HAVE_OPENAT 1
| #define HAVE_PIPE 1
| #define HAVE_ISWCTYPE 1
| #define HAVE_SLEEP 1
| #define HAVE_STRNDUP 1
| #define HAVE_SNPRINTF 1
| #define HAVE_WCRTOMB 1
| #define HAVE_ISWCNTRL 1
| #define HAVE_WCWIDTH 1
| #define HAVE_WMEMPCPY 1
| #define HAVE_DECL_STRERROR_R 1
| #define HAVE_STRERROR_R 1
| #define STRERROR_R_CHAR_P 1
| #define HAVE_LANGINFO_CODESET 1
| #define HAVE_MALLOC_POSIX 1
| #define HAVE_DECL_FCHDIR 1
| #define HAVE_WORKING_O_NOATIME 1
| #define HAVE_WORKING_O_NOFOLLOW 1
| /* end confdefs.h.  */
| #include <stddef.h>
| #ifdef HAVE_STDIO_H
| # include <stdio.h>
| #endif
| #ifdef HAVE_STDLIB_H
| # include <stdlib.h>
| #endif
| #ifdef HAVE_STRING_H
| # include <string.h>
| #endif
| #ifdef HAVE_INTTYPES_H
| # include <inttypes.h>
| #endif
| #ifdef HAVE_STDINT_H
| # include <stdint.h>
| #endif
| #ifdef HAVE_STRINGS_H
| # include <strings.h>
| #endif
| #ifdef HAVE_SYS_TYPES_H
| # include <sys/types.h>
| #endif
| #ifdef HAVE_SYS_STAT_H
| # include <sys/stat.h>
| #endif
| #ifdef HAVE_UNISTD_H
| # include <unistd.h>
| #endif
| 
| int
| main (void)
| {
| if (sizeof ((pid_t)))
| 	    return 0;
|   ;
|   return 0;
| }
configure:17429: result: yes
configure:17465: checking for mode_t
configure:17465: gcc -c   -D_FILE_OFFSET_BITS=64 conftest.c >&5
